cik,acc_nodash,date_filed,company_name,form_type,parse_status,item401_text,auditor_out,auditor_in,reason,disagreements
919012,000095013201000090,2001-02,AMERICAN EAGLE OUTFITTERS INC,8-K/A,no_items_found,,,,,
1127075,000091412101000036,2001-01,BANK OF AMERICA MORT SEC INC MORT PASS THR CERT SER 2000-6,8-K/A,no_items_found,,,,,
1103021,000095014401001507,2001-01,BIODELIVERY SCIENCES INTERNATIONAL INC,8-K/A,no_items_found,,,,,
25305,000101019201000039,2001-03,COX COMMUNICATIONS INC /DE/,8-K/A,no_items_found,,,,,
1135660,000090514801000622,2001-03,CWABS INC ASSET BACKED CERTIFICATES SERIES 2001-1,8-K/A,no_items_found,,,,,
45012,000004501201000006,2001-03,HALLIBURTON CO,8-K/A,no_items_found,,,,,
764867,000092838501000405,2001-02,ITC LEARNING CORP,8-K/A,no_items_found,,,,,
912093,000091209301500006,2001-03,JDS UNIPHASE CORP /CA/,8-K/A,no_items_found,,,,,
912750,000095012901000786,2001-02,NEWFIELD EXPLORATION CO /DE/,8-K/A,no_items_found,,,,,
82409,000089710101500026,2001-03,REALCO INC /NM/,8-K/A,no_items_found,,,,,
1043860,000091205701003274,2001-01,SKYGIVERS INC,8-K/A,no_items_found,,,,,
1048914,000095013701000183,2001-01,SOVEREIGN SPECIALTY CHEMICALS INC,8-K/A,no_items_found,,,,,
1129495,000095013601000249,2001-02,STRUCTURED ASSET SEC CORP COMM MORT PAS THR CERT SER 2000 C5,8-K/A,no_items_found,,,,,
709878,000095012301500265,2001-03,UNIVERSAL AMERICAN FINANCIAL CORP,8-K/A,no_items_found,,,,,
1127138,000091412101000016,2001-01,WELLS FARGO ASSET SECURITIES CORP MORT BK SEC 2000-10 TRUST,8-K/A,no_items_found,,,,,
1141251,000090256101500093,2001-06,ABN AMRO MORTGAGE CORP SERIES 2001-2,8-K/A,no_items_found,,,,,
1034764,000103883801500120,2001-06,ALMOST COUNTRY PRODUCTIONS INC,8-K/A,no_items_found,,,,,
1084681,000091664101500659,2001-06,APPLE SUITES INC,8-K/A,no_items_found,,,,,
1133464,000090514801500244,2001-05,ASSET BACKED CERTIFICATES SERIES 2001-BC1,8-K/A,no_items_found,,,,,
829750,000095013301501554,2001-06,BANKNORTH GROUP INC/ME,8-K/A,no_items_found,,,,,
1122742,000113709101500123,2001-05,BISASSIST INC,8-K/A,no_items_found,,,,,
1129245,000090514801000911,2001-04,CWABS INC ASSET BACKED CERTIFICATES SERIES 2000 4,8-K/A,no_items_found,,,,,
1135660,000090514801500233,2001-05,CWABS INC ASSET BACKED CERTIFICATES SERIES 2001-1,8-K/A,no_items_found,,,,,
1081661,000112528201500547,2001-05,EASYLINK SERVICES CORP,8-K/A,no_items_found,,,,,
1081661,000112528201500741,2001-06,EASYLINK SERVICES CORP,8-K/A,no_items_found,,,,,
1103644,000101317601000126,2001-04,EDLAM ACQUISITION CORP,8-K/A,no_items_found,,,,,
43920,000095015201502095,2001-05,GREIF BROTHERS CORP,8-K/A,no_items_found,,,,,
45012,000004501201500019,2001-05,HALLIBURTON CO,8-K/A,no_items_found,,,,,
751145,000075114501500004,2001-06,HART INDUSTRIES INC,8-K/A,no_items_found,,,,,
1018905,000088237701500081,2001-05,IMPAC SECURED ASSETS CORP,8-K/A,no_items_found,,,,,
929299,000091406201500236,2001-05,ISOLYSER CO INC /GA/,8-K/A,no_items_found,,,,,
1140305,000095013601500681,2001-06,LB UBS COM MOR TR 2001 C2 COM MOR PASS THRU CER SER 2001 C2,8-K/A,no_items_found,,,,,
1074267,000110801701500119,2001-06,LITE KING CORP,8-K/A,no_items_found,,,,,
720896,000095013001500773,2001-04,MEMRY CORP,8-K/A,no_items_found,,,,,
913665,000091366501500020,2001-05,MOTIENT CORP,8-K/A,no_items_found,,,,,
1109860,000093066101500817,2001-06,PURE RESOURCES INC,8-K/A,no_items_found,,,,,
922488,000092779601500017,2001-05,TECHSYS INC,8-K/A,no_items_found,,,,,
1113679,000093173101500107,2001-05,THAON COMMUNICATIONS INC,8-K/A,no_items_found,,,,,
1083652,000095013301501531,2001-06,UDATE COM INC,8-K/A,no_items_found,,,,,
830664,000112878001500047,2001-04,VECTOR HOLDINGS CORP,8-K/A,no_items_found,,,,,
1133464,000090514801500982,2001-08,ASSET BACKED CERTIFICATES SERIES 2001-BC1,8-K/A,no_items_found,,,,,
829750,000095013301501966,2001-07,BANKNORTH GROUP INC/ME,8-K/A,no_items_found,,,,,
946812,000089968101500275,2001-09,BEAR STEARNS ASSET BACKED SECURITIES INC,8-K/A,no_items_found,,,,,
1066806,000089924301501477,2001-09,CONOCO INC /DE,8-K/A,no_items_found,,,,,
319687,000095015501500087,2001-07,CONTINENTAL AIRLINES INC /DE/,8-K/A,no_items_found,,,,,
1141547,000090514801500875,2001-07,CSFB ABS TRUST SERIES 2001 HE12,8-K/A,no_items_found,,,,,
1021913,000090514801500758,2001-07,CWABS INC,8-K/A,no_items_found,,,,,
1004945,000089155401503461,2001-07,ESC MEDICAL SYSTEMS LTD,8-K/A,no_items_found,,,,,
40656,000089534501500421,2001-08,GENERAL SEMICONDUCTOR INC,8-K/A,no_items_found,,,,,
860518,000109581101505239,2001-09,ITEX CORPORATION,8-K/A,no_items_found,,,,,
1047699,000095014401506379,2001-08,KING PHARMACEUTICALS INC,8-K/A,no_items_found,,,,,
1000278,000095011601500454,2001-07,PACIFICHEALTH LABORATORIES INC,8-K/A,no_items_found,,,,,
1063292,000088237701500507,2001-12,ACE SECURITIES CORP,8-K/A,no_items_found,,,,,
912875,000095013701504549,2001-11,ACTIVE IQ TECHNOLOGIES INC,8-K/A,no_items_found,,,,,
1132747,000102140801511761,2001-12,APPLE HOSPITALITY TWO INC,8-K/A,no_items_found,,,,,
946812,000088237701500446,2001-11,BEAR STEARNS ASSET BACKED SECURITIES INC,8-K/A,no_items_found,,,,,
922869,000095013301503323,2001-11,CAPITAL ONE MASTER TRUST,8-K/A,no_items_found,,,,,
1158383,000090514801501578,2001-11,CWABS INC ASSET BACK CERTIFICATES SERIES 2001-3,8-K/A,no_items_found,,,,,
350797,000094039401500466,2001-10,EATON VANCE CORP,8-K/A,no_items_found,,,,,
929299,000091406201500459,2001-10,ISOLYSER CO INC /GA/,8-K/A,no_items_found,,,,,
1141185,000095013401506961,2001-10,KERR MCGEE CORP /DE,8-K/A,no_items_found,,,,,
830158,000101410801500065,2001-10,LABONE INC/,8-K/A,no_items_found,,,,,
913756,000092838501502615,2001-11,ORTHOVITA INC,8-K/A,no_items_found,,,,,
1099391,000109939101500173,2001-11,RESIDENTIAL ASSET MORTGAGE PRODUCTS INC,8-K/A,no_items_found,,,,,
1099391,000109939101500206,2001-11,RESIDENTIAL ASSET MORTGAGE PRODUCTS INC,8-K/A,no_items_found,,,,,
1050606,000109581101505628,2001-10,SALEM COMMUNICATIONS CORP /DE/,8-K/A,no_items_found,,,,,
1037158,000095013501503894,2001-12,SELECT THERAPEUTICS INC,8-K/A,no_items_found,,,,,
776008,000093176301502307,2001-11,STAR SCIENTIFIC INC,8-K/A,no_items_found,,,,,
1161733,000095013601501887,2001-11,STRUCTURED ASSET SEC CORP MORT PAS THR CERT SER 01 16H,8-K/A,no_items_found,,,,,
1113679,000112813801500134,2001-12,THAON COMMUNICATIONS INC,8-K/A,no_items_found,,,,,
1091973,000102140801510385,2001-11,TRITON PCS HOLDINGS INC,8-K/A,no_items_found,,,,,
1064735,000102140801510384,2001-11,TRITON PCS INC,8-K/A,no_items_found,,,,,
1136869,000091191601500086,2001-12,ZIMMER HOLDINGS INC,8-K/A,no_items_found,,,,,
1162117,000090256102000070,2002-02,ABN AMRO MORTGAGE CORP SERIES 2001-8,8-K/A,no_items_found,,,,,
802106,000090514802000633,2002-03,CREDIT SUISSE FIRST BOSTON MORTGAGE SECURITIES CORP,8-K/A,no_items_found,,,,,
1004154,000091205702007950,2002-02,DAKOTA GROWERS PASTA CO,8-K/A,no_items_found,,,,,
946486,000100547702000122,2002-01,DISCOVERY LABORATORIES INC /DE/,8-K/A,no_items_found,,,,,
899290,000089375002000132,2002-02,PROVIDIAN MASTER TRUST,8-K/A,no_items_found,,,,,
882253,000089968102000002,2002-01,STRUCTURED ASSET MORTGAGE INVESTMENTS INC,8-K/A,no_items_found,,,,,
882253,000088237702000025,2002-01,STRUCTURED ASSET MORTGAGE INVESTMENTS INC,8-K/A,no_items_found,,,,,
1094767,000091142002000063,2002-03,TEXAS E SOLUTIONS INC,8-K/A,no_items_found,,,,,
1024149,000089924302000712,2002-03,US UNWIRED INC,8-K/A,no_items_found,,,,,
912875,000095012402001377,2002-04,ACTIVE IQ TECHNOLOGIES INC,8-K/A,no_items_found,,,,,
1084681,000092838502001249,2002-04,APPLE SUITES INC,8-K/A,no_items_found,,,,,
921746,000104264502000057,2002-04,BANCORP CONNECTICUT INC,8-K/A,no_items_found,,,,,
829750,000095013302001475,2002-04,BANKNORTH GROUP INC/ME,8-K/A,no_items_found,,,,,
14073,000092838502001494,2002-04,BRESLER & REINER INC,8-K/A,no_items_found,,,,,
1127993,000107878202000100,2002-05,EXCEL PUBLISHING INC,8-K/A,no_items_found,,,,,
807641,000095017202001453,2002-06,GS MORTGAGE SECURITIES CORP,8-K/A,no_items_found,,,,,
1099391,000109939102000112,2002-04,RESIDENTIAL ASSET MORTGAGE PRODUCTS INC,8-K/A,no_items_found,,,,,
932858,000093285802000032,2002-06,RESIDENTIAL ASSET SECURITIES CORP,8-K/A,no_items_found,,,,,
1122787,000102140802005302,2002-04,ROXIO INC,8-K/A,no_items_found,,,,,
1166015,000088237702000232,2002-04,SALOMON BROS MORT SEC VII SAL HOME EQU LN TR SER 2002 WMC1,8-K/A,no_items_found,,,,,
1014299,000116231802000047,2002-05,SAXON ASSET SECURITIES CO,8-K/A,no_items_found,,,,,
1014299,000116231802000048,2002-05,SAXON ASSET SECURITIES CO,8-K/A,no_items_found,,,,,
1014299,000116231802000049,2002-05,SAXON ASSET SECURITIES CO,8-K/A,no_items_found,,,,,
1014299,000116231802000050,2002-05,SAXON ASSET SECURITIES CO,8-K/A,no_items_found,,,,,
1072048,000095014202000498,2002-05,SPECTRASITE HOLDINGS INC,8-K/A,no_items_found,,,,,
1069878,000092838502002450,2002-06,TREX CO INC,8-K/A,no_items_found,,,,,
1178809,000114544302000488,2002-09,ACCRED HOME LNDRS INC AC MOR LN TR 2002-1 AS BK NT SE 2002-1,8-K/A,no_items_found,,,,,
1182887,000088237702000672,2002-09,AMERIQUEST MORT SEC INC ASSET BCKD PS THR CERT SER 2002-AR1,8-K/A,no_items_found,,,,,
1013109,000007085802000211,2002-08,BA MASTER CREDIT CARD TRUST /,8-K/A,no_items_found,,,,,
840387,000095014902001480,2002-07,BAY VIEW CAPITAL CORP,8-K/A,no_items_found,,,,,
946812,000088237702000511,2002-07,BEAR STEARNS ASSET BACKED SECURITIES INC,8-K/A,no_items_found,,,,,
946812,000088237702000512,2002-07,BEAR STEARNS ASSET BACKED SECURITIES INC,8-K/A,no_items_found,,,,,
946812,000089968102000273,2002-08,BEAR STEARNS ASSET BACKED SECURITIES INC,8-K/A,no_items_found,,,,,
1172547,000090514802002039,2002-08,C BASS MORTGAGE LOAN ASSET BACKED CERTS SER 2002 CB2,8-K/A,no_items_found,,,,,
815755,000102589402000630,2002-09,CHADMOORE WIRELESS GROUP INC,8-K/A,no_items_found,,,,,
906410,000090514802001771,2002-07,CWMBS INC,8-K/A,no_items_found,,,,,
906410,000090514802002200,2002-09,CWMBS INC,8-K/A,no_items_found,,,,,
906410,000090514802002201,2002-09,CWMBS INC,8-K/A,no_items_found,,,,,
1176349,000088237702000541,2002-07,IMPAC SECURED ASSETS CORP MORTGAGE PASS THR CERT SER 2002-3,8-K/A,no_items_found,,,,,
854460,000091406202000661,2002-09,INTERLAND INC /MN/,8-K/A,no_items_found,,,,,
64040,000095013002005463,2002-08,MCGRAW-HILL COMPANIES INC,8-K/A,no_items_found,,,,,
894253,000095013402007966,2002-07,PEROT SYSTEMS CORP,8-K/A,no_items_found,,,,,
894253,000095013402007967,2002-07,PEROT SYSTEMS CORP,8-K/A,no_items_found,,,,,
1121260,000113705002000058,2002-08,SHALLBETTER INDUSTRIES INC,8-K/A,no_items_found,,,,,
103145,000091205702028119,2002-07,VEECO INSTRUMENTS INC,8-K/A,no_items_found,,,,,
853833,000111650202001381,2002-09,XSTREAM BEVERAGE GROUP INC,8-K/A,no_items_found,,,,,
1118344,000113789202000084,2002-09,ZURICKIRCH CORP,8-K/A,no_items_found,,,,,
1062195,000104746902007678,2002-12,24/7 MEDIA INC,8-K/A,no_items_found,,,,,
867665,000086766502000021,2002-12,ABRAXAS PETROLEUM CORP,8-K/A,no_items_found,,,,,
867665,000086766502000022,2002-12,ABRAXAS PETROLEUM CORP,8-K/A,no_items_found,,,,,
1207516,000114544302000976,2002-12,ACCREDITED HOME LENDERS ACCREDITED MORT LOAN TRUST 2002-2,8-K/A,no_items_found,,,,,
1037540,000104746902006947,2002-12,BOSTON PROPERTIES INC,8-K/A,no_items_found,,,,,
1193529,000088237702000910,2002-12,CSFB MORT SEC CORP HOME EQUITY MORT TRUST 2002-3,8-K/A,no_items_found,,,,,
1005201,000104746902008057,2002-12,DEPOMED INC,8-K/A,no_items_found,,,,,
1005201,000104746902008060,2002-12,DEPOMED INC,8-K/A,no_items_found,,,,,
1000695,000095011702002848,2002-11,ENTRADA NETWORKS INC,8-K/A,no_items_found,,,,,
1109357,000095015902000643,2002-10,EXELON CORP,8-K/A,no_items_found,,,,,
1098278,000109827802000014,2002-11,FEDERAL SECURITY PROTECTION SERVICES INC,8-K/A,no_items_found,,,,,
1098278,000109827802000015,2002-11,FEDERAL SECURITY PROTECTION SERVICES INC,8-K/A,no_items_found,,,,,
310979,000108520402000031,2002-11,FIRST BANKS AMERICA INC,8-K/A,no_items_found,,,,,
789670,000078967002000070,2002-10,FIRST INDIANA CORP,8-K/A,no_items_found,,,,,
1191957,000091412102001471,2002-12,GS MORTGAGE SEC CORP MORT PASS THR CERT SER 2002-WMC1,8-K/A,no_items_found,,,,,
1176587,000116231802000215,2002-11,GS MORTGAGE SECURITIES CORP MORT PAS THR CERTS SER 2002 6F,8-K/A,no_items_found,,,,,
1178931,000116231802000202,2002-11,HOME EQUITY ASSET TRUST 2002-2,8-K/A,no_items_found,,,,,
1182924,000088237702000906,2002-12,HOME EQUITY MORTGAGE PASS THROUGH CERTIFICATES SERIES 2002-2,8-K/A,no_items_found,,,,,
1095133,000109513302000014,2002-10,ISA INTERNATIONALE INC,8-K/A,no_items_found,,,,,
1125223,000101359602000110,2002-11,LEGENDS ENTERPRISES INC,8-K/A,no_items_found,,,,,
1134011,000117152002000147,2002-11,NEVADA HOLDING GROUP INC /NV/,8-K/A,no_items_found,,,,,
1099391,000109939102000268,2002-10,RESIDENTIAL ASSET MORTGAGE PRODUCTS INC,8-K/A,no_items_found,,,,,
1099391,000109939102000270,2002-10,RESIDENTIAL ASSET MORTGAGE PRODUCTS INC,8-K/A,no_items_found,,,,,
1169573,000102024202000350,2002-11,SAXON ASSET SECURITIES TRUST 2002-1,8-K/A,no_items_found,,,,,
1203436,000090514802003182,2002-12,SSB VEHICLE SECURITIES INC SSB AUTO LOAN TRUST 2002-1,8-K/A,no_items_found,,,,,
1129495,000113699902000617,2002-10,STRUCTURED ASSET SEC CORP COMM MORT PAS THR CERT SER 2000 C5,8-K/A,no_items_found,,,,,
1129495,000113699902000618,2002-10,STRUCTURED ASSET SEC CORP COMM MORT PAS THR CERT SER 2000 C5,8-K/A,no_items_found,,,,,
928373,000117892402000021,2002-10,ZENEX TELECOM INC,8-K/A,no_items_found,,,,,
1132747,000091664103000126,2003-02,APPLE HOSPITALITY TWO INC,8-K/A,no_items_found,,,,,
1160544,000116200603000001,2003-01,BLUESTAR LEASING INC,8-K/A,no_items_found,,,,,
1177096,000102024203000108,2003-01,CDC MORTGAGE CAPITAL TRUST 2002 HE1,8-K/A,no_items_found,,,,,
895126,000095010903000854,2003-02,CHESAPEAKE ENERGY CORP,8-K/A,no_items_found,,,,,
1217001,000116231803000109,2003-03,CSFB MORTGAGE ACCEPTANCE CORP MORT BACK CERT SER 2003-1,8-K/A,no_items_found,,,,,
906410,000090514803000584,2003-02,CWMBS INC,8-K/A,no_items_found,,,,,
878720,000104746903008246,2003-03,FAO INC,8-K/A,no_items_found,,,,,
1098278,000109827803000002,2003-01,FEDERAL SECURITY PROTECTION SERVICES INC,8-K/A,no_items_found,,,,,
882095,000110465903004206,2003-03,GILEAD SCIENCES INC,8-K/A,no_items_found,,,,,
1208107,000091412103000084,2003-01,GREENWICH CAPITAL COM FUNDING CORP MORT PAS THR CER SE 02 C1,8-K/A,no_items_found,,,,,
1199369,000091412103000044,2003-01,GS MORTGAGE SECURITIES CORP MORT PAS THR CERT SE 2002 WF,8-K/A,no_items_found,,,,,
1211863,000088237703000046,2003-01,IMH ASSETS CORP IMPAC CMB TRUST SERIES 2002 9F,8-K/A,no_items_found,,,,,
1018905,000102024203000245,2003-01,IMPAC SECURED ASSETS CORP,8-K/A,no_items_found,,,,,
51644,000090342303000136,2003-02,INTERPUBLIC GROUP OF COMPANIES INC,8-K/A,no_items_found,,,,,
1208027,000102024203000115,2003-01,MORGAN STANLEY ABS CAP I INC MRT PSS THR CERT SE 2002-HE3,8-K/A,no_items_found,,,,,
1171960,000102024203000236,2003-01,MORGAN STANLEY DEAN WITTER CAPITAL I INC TRUST 2002 AM2,8-K/A,no_items_found,,,,,
712770,000071277003000005,2003-03,ONE LIBERTY PROPERTIES INC,8-K/A,no_items_found,,,,,
1006264,000093066103000728,2003-02,PATINA OIL & GAS CORP,8-K/A,no_items_found,,,,,
1119272,000111030403000001,2003-01,PRIMEPLAYER INC,8-K/A,no_items_found,,,,,
1169573,000102024203000292,2003-01,SAXON ASSET SECURITIES TRUST 2002-1,8-K/A,no_items_found,,,,,
1177087,000102024203000320,2003-01,SAXON ASSET SECURITIES TRUST 2002-2,8-K/A,no_items_found,,,,,
1089542,000111650203000031,2003-01,SFBC INTERNATIONAL INC,8-K/A,no_items_found,,,,,
1089542,000111650203000415,2003-03,SFBC INTERNATIONAL INC,8-K/A,no_items_found,,,,,
1126426,000109690603000017,2003-01,SHAFT INC,8-K/A,no_items_found,,,,,
1212448,000088237703000081,2003-01,STRUCTURED ASSET MORT INV INC BEAR STEARNS ARM TRUST 2002-12,8-K/A,no_items_found,,,,,
1221159,000088237703000527,2003-03,STRUCTURED ASSET MORT INVEST INC MORT PAS THR CERTS SER 03 1,8-K/A,no_items_found,,,,,
1045993,000095014403003222,2003-03,SUMMIT BROKERAGE SERVICES INC / FL,8-K/A,no_items_found,,,,,
1045445,000102140803000143,2003-01,UBICS INC,8-K/A,no_items_found,,,,,
949956,000089161803001064,2003-02,VERITY INC \DE\,8-K/A,no_items_found,,,,,
802106,000095011603002226,2003-04,CREDIT SUISSE FIRST BOSTON MORTGAGE SECURITIES CORP,8-K/A,no_items_found,,,,,
1221358,000116231803000130,2003-04,CSFB MORT SEC CORP MORT BACKED PASS THR CERTS SER 2003 AR5,8-K/A,no_items_found,,,,,
906410,000090514803002130,2003-06,CWMBS INC,8-K/A,no_items_found,,,,,
885533,000095014403004642,2003-04,ELITE INFORMATION GROUP INC,8-K/A,no_items_found,,,,,
1212123,000091412103000501,2003-04,GS MORTGAGE SEC CORP MORT PASS THR CERT SER 2002-HE2,8-K/A,no_items_found,,,,,
1236576,000088237703000993,2003-06,IMH ASSETS CORP IMPAC CMB TRUST SERIES 2003-6,8-K/A,no_items_found,,,,,
1095133,000109513303000006,2003-04,ISA INTERNATIONALE INC,8-K/A,no_items_found,,,,,
56873,000102140803008677,2003-06,KROGER CO,8-K/A,no_items_found,,,,,
1220672,000091412103000571,2003-05,MORGAN STANLEY DEAN WITTER CAPITAL I INC SERIES 2003 NC2,8-K/A,no_items_found,,,,,
1134011,000117152003000096,2003-04,NEVADA HOLDING GROUP INC /NV/,8-K/A,no_items_found,,,,,
1193311,000102329103000017,2003-05,ONCOR ELECTRIC DELIVERY CO,8-K/A,no_items_found,,,,,
1082822,000101540203002526,2003-06,PALOMAR ENTERPRISES INC,8-K/A,no_items_found,,,,,
77155,000095014203000892,2003-05,PENN TRAFFIC CO,8-K/A,no_items_found,,,,,
799097,000102189003000100,2003-04,SAN HOLDINGS INC,8-K/A,no_items_found,,,,,
1040971,000110465903010480,2003-05,SL GREEN REALTY CORP,8-K/A,no_items_found,,,,,
1229869,000088237703001019,2003-06,STRUCT ASS MORT INV INC BS ALTA MORT PAS THR CER SER 2003 1,8-K/A,no_items_found,,,,,
882253,000116923203002927,2003-04,STRUCTURED ASSET MORTGAGE INVESTMENTS INC,8-K/A,no_items_found,,,,,
882253,000091142003000126,2003-06,STRUCTURED ASSET MORTGAGE INVESTMENTS INC,8-K/A,no_items_found,,,,,
1064735,000119312503010279,2003-06,TRITON PCS INC,8-K/A,no_items_found,,,,,
1023291,000102329103000015,2003-05,TXU CORP /TX/,8-K/A,no_items_found,,,,,
33015,000102329103000017,2003-05,TXU GAS CO,8-K/A,no_items_found,,,,,
710182,000102329103000017,2003-05,TXU US HOLDINGS CO,8-K/A,no_items_found,,,,,
1236961,000090514803002807,2003-08,AMERICAN GENERAL  MRT LN ASST BCKD PS THR CRTS SR 2003-1,8-K/A,no_items_found,,,,,
859792,000085979203000027,2003-09,AMERICAN UNITED GLOBAL  INC,8-K/A,no_items_found,,,,,
859792,000085979203000029,2003-09,AMERICAN UNITED GLOBAL  INC,8-K/A,no_items_found,,,,,
1227109,000088237703001172,2003-07,AMERIQUEST MORT SEC INC ASSET BACK PAS THR CERTS SER 2003 5,8-K/A,no_items_found,,,,,
1129284,000124183303000046,2003-09,CAVALCADE OF SPORTS MEDIA INC,8-K/A,no_items_found,,,,,
885694,000095013703004801,2003-09,COVEST BANCSHARES INC,8-K/A,no_items_found,,,,,
1021913,000090514803002878,2003-08,CWABS INC,8-K/A,no_items_found,,,,,
32020,000095015203008061,2003-09,ELDER BEERMAN STORES CORP,8-K/A,no_items_found,,,,,
1137883,000122259803000015,2003-09,GOLDEN HAND RESOURCES INC,8-K/A,no_items_found,,,,,
1177182,000091431703002671,2003-09,HIGH COUNTRY FINANCIAL CORP,8-K/A,no_items_found,,,,,
923118,000092311803000110,2003-08,HOME PROPERTIES OF NEW YORK INC,8-K/A,no_items_found,,,,,
1041954,000119312503016844,2003-07,ITC DELTACOM INC,8-K/A,no_items_found,,,,,
1261652,000091412103001227,2003-09,MORGAN STANLEY ABS CAPITAL I INC TRUST 2003-HE2,8-K/A,no_items_found,,,,,
1096958,000119312503049019,2003-09,OPENTV CORP,8-K/A,no_items_found,,,,,
774352,000077435203000058,2003-08,RESIDENTIAL FUNDING MORTGAGE SECURITIES I INC,8-K/A,no_items_found,,,,,
1210129,000113699903000299,2003-08,STRUCTURED ASSET SEC CORP II COM MORT PAS THR CERT SE 02 C7,8-K/A,no_items_found,,,,,
104889,000095015703000561,2003-09,WASHINGTON POST CO,8-K/A,no_items_found,,,,,
1251001,000116231803000440,2003-10,CSFB HOME EQUITY PASS THROUGH CERTS SER 2003-4,8-K/A,no_items_found,,,,,
1021913,000090514803004173,2003-12,CWABS INC,8-K/A,no_items_found,,,,,
906410,000090514803003687,2003-10,CWMBS INC,8-K/A,no_items_found,,,,,
1240598,000091412103001827,2003-12,DEUTSCHE MORT & ASSET RECEIVING CORP COMM 2003 LNB1,8-K/A,no_items_found,,,,,
1085653,000104746903038880,2003-12,ECOLLEGE COM,8-K/A,no_items_found,,,,,
907410,000089161803005621,2003-10,ESS TECHNOLOGY INC,8-K/A,no_items_found,,,,,
1137104,000105640403002237,2003-11,FIRST UNION COMM MORT TRUST COMM MOR PAS THR CER SER 2000-C1,8-K/A,no_items_found,,,,,
23055,000114043703000400,2003-12,GROUP 1 SOFTWARE INC,8-K/A,no_items_found,,,,,
805037,000089843203001017,2003-10,MID ATLANTIC MEDICAL SERVICES INC,8-K/A,no_items_found,,,,,
1257839,000116231803000468,2003-11,MORTGAGE ASSET SEC TRANS INCMASTR ASSET SEC TR 2003 7,8-K/A,no_items_found,,,,,
1263762,000119312503068408,2003-10,NEW CENTURY BANCORP INC,8-K/A,no_items_found,,,,,
87050,000114420403006357,2003-10,SBE INC,8-K/A,no_items_found,,,,,
1127242,000123224703000032,2003-10,SPECIALIZED LEASING INC,8-K/A,no_items_found,,,,,
1265492,000088237703002007,2003-12,STRUCTURED ASSET MORT INV INC MORT PAS THR CERTS SER 2003-3,8-K/A,no_items_found,,,,,
882253,000091142003000234,2003-11,STRUCTURED ASSET MORTGAGE INVESTMENTS INC,8-K/A,no_items_found,,,,,
1265513,000095013603002604,2003-10,STRUCTURED ASSET SEC CORP II LB UBS COMM MORT TR 2003-C7,8-K/A,no_items_found,,,,,
1265513,000095013603002995,2003-12,STRUCTURED ASSET SEC CORP II LB UBS COMM MORT TR 2003-C7,8-K/A,no_items_found,,,,,
849101,000084910104000005,2004-01,AVADO BRANDS INC,8-K/A,no_items_found,,,,,
1073785,000107378504000003,2004-02,CHINA XIN NETWORK MEDIA CORP,8-K/A,no_items_found,,,,,
1279820,000088237704000440,2004-02,CITIGROUP MORTGAGELN TR ORIGEN MANU HOUS CONT TR NTS SER 200,8-K/A,no_items_found,,,,,
1130128,000113012804000008,2004-03,CLAREMONT TECHNOLOGIES CORP,8-K/A,no_items_found,,,,,
1068199,000104746904005554,2004-02,COMPUCREDIT CORP,8-K/A,no_items_found,,,,,
25657,000002565704000005,2004-03,CRESTED CORP,8-K/A,no_items_found,,,,,
1262111,000105640404000893,2004-03,CSFB MORT SEC CORP COM MORT PAS THR CERTS SER 2003 C4,8-K/A,no_items_found,,,,,
1272118,000090514804000483,2004-01,CWABS INC ASSET BACKED CERTS SERIES 2003 5,8-K/A,no_items_found,,,,,
906410,000090514804000078,2004-01,CWMBS INC,8-K/A,no_items_found,,,,,
906410,000090514804001186,2004-03,CWMBS INC,8-K/A,no_items_found,,,,,
892160,000108802004000002,2004-01,DERMA SCIENCES INC,8-K/A,no_items_found,,,,,
1137104,000105640404000897,2004-03,FIRST UNION COMM MORT TRUST COMM MOR PAS THR CER SER 2000-C1,8-K/A,no_items_found,,,,,
1271792,000091412104000063,2004-01,GREENWICH CAPITAL COMM MORT PASS THR CERTS SER 2003-C2,8-K/A,no_items_found,,,,,
1059155,000110465904004252,2004-02,GRIC COMMUNICATIONS INC,8-K/A,no_items_found,,,,,
917406,000119312504010471,2004-01,HANCOCK JOHN LIFE INSURANCE CO,8-K/A,no_items_found,,,,,
923118,000092311804000019,2004-02,HOME PROPERTIES INC,8-K/A,no_items_found,,,,,
1165271,000116169704000213,2004-03,IGAMES ENTERTAINMENT INC,8-K/A,no_items_found,,,,,
1042431,000119312504009834,2004-01,INTERWOVEN INC,8-K/A,no_items_found,,,,,
1256074,000113699904000128,2004-03,JP MORGAN CHASE COM SEC CORP PASS THRU CERT SER 2003-CIBC6,8-K/A,no_items_found,,,,,
1256074,000113699904000129,2004-03,JP MORGAN CHASE COM SEC CORP PASS THRU CERT SER 2003-CIBC6,8-K/A,no_items_found,,,,,
1277774,000091412104000383,2004-03,MORGAN  STANLEY ABS CAP I INC MORT PAS THR CERT SER 2004 NC1,8-K/A,no_items_found,,,,,
802481,000119312504009857,2004-01,PILGRIMS PRIDE CORP,8-K/A,no_items_found,,,,,
803112,000095015204000278,2004-01,SECOND BANCORP INC,8-K/A,no_items_found,,,,,
101594,000010159404000068,2004-03,US ENERGY CORP,8-K/A,no_items_found,,,,,
934445,000093041304001790,2004-04,ACL SEMICONDUCTOR INC,8-K/A,no_items_found,,,,,
1023364,000119312504109177,2004-06,AUTOBYTEL  INC,8-K/A,no_items_found,,,,,
1193940,000119394004000011,2004-06,CLINICAL TRIALS ASSISTANCE CORP,8-K/A,no_items_found,,,,,
1281013,000091412104000931,2004-05,DEUTSCHE COMMERCIAL MORTGAGE PASS THR CERTS 2004-LNB2,8-K/A,no_items_found,,,,,
1290042,000088237704001185,2004-06,HOMESTAR MORTGAGE ACCEP CORP ASST BACK CERTS SER 2004-2.,8-K/A,no_items_found,,,,,
1285679,000088237704000871,2004-04,IMH ASSETS CORP COLLATERALIZED ASSET BACKED BONDS SER 2004 3,8-K/A,no_items_found,,,,,
1264059,000091412104000669,2004-04,JP MORGAN CHASE COM MORT SEC CORP PS THR CERTS SER 2003-LN1,8-K/A,no_items_found,,,,,
1282125,000091412104000667,2004-04,MASTR ADJUSTABLE RATE MORTGAGES TRUST 2004-2,8-K/A,no_items_found,,,,,
1285109,000088237704000861,2004-04,MASTR ASSET BACKED SECURITIES TRUST 2004-OPT1,8-K/A,no_items_found,,,,,
1287083,000095013604001970,2004-06,MERRILL LYNCH MORTGAGE INVESTORS INC TRUST 2004-MKB1,8-K/A,no_items_found,,,,,
319459,000095012904002119,2004-04,MISSION RESOURCES CORP,8-K/A,no_items_found,,,,,
1269036,000112785504000365,2004-06,MONACO GROUP INC,8-K/A,no_items_found,,,,,
1164123,000093041304001729,2004-04,PENTHOUSE INTERNATIONAL INC,8-K/A,no_items_found,,,,,
1282231,000090514804002401,2004-05,RESIDENTIAL ASSET SECURITIZATION TRUST 2004-A1,8-K/A,no_items_found,,,,,
1291410,000091142004000196,2004-05,STRUCTURED ASSET MORTGAGE INVESTMENTS II TRUST SERIES 2004-A,8-K/A,no_items_found,,,,,
808851,000116231804000368,2004-06,STRUCTURED ASSET SECURITIES CORP,8-K/A,no_items_found,,,,,
912888,000110465904012287,2004-05,VITAL IMAGES INC,8-K/A,no_items_found,,,,,
912888,000110465904016555,2004-06,VITAL IMAGES INC,8-K/A,no_items_found,,,,,
1285874,000116231804000244,2004-04,WELLS FARGO HOME EQUITY TRUST MORT PASS THRU CERT SER 2004-1,8-K/A,no_items_found,,,,,
1100748,000109432804000231,2004-09,5 G WIRELESS COMMUNICATIONS INC,8-K/A,no_items_found,,,,,
927003,000095013404012688,2004-08,ADVANCED ENERGY INDUSTRIES INC,8-K/A,no_items_found,,,,,
1261734,000119312504148928,2004-08,"AEOLUS PHARMACEUTICALS, INC.",8-K/A,no_items_found,,,,,
1014763,000114420404013692,2004-09,AMARILLO BIOSCIENCES INC,8-K/A,no_items_found,,,,,
896747,000114420404013678,2004-09,AMERICAN BIO MEDICA CORP,8-K/A,no_items_found,,,,,
1296366,000088237704001584,2004-08,AMERIQUEST MORTGAGE SECURITIES INC ASSET-BACKED PASS-THROUGH,8-K/A,no_items_found,,,,,
1296270,000116231804000491,2004-08,"Asset Backed Pass-Through Certificates, Series 2004-HE5",8-K/A,no_items_found,,,,,
1065298,000095014404009246,2004-09,BANC CORP,8-K/A,no_items_found,,,,,
913142,000095013704007863,2004-09,BELDEN CDT INC.,8-K/A,no_items_found,,,,,
913142,000095013704007871,2004-09,BELDEN CDT INC.,8-K/A,no_items_found,,,,,
12779,000001277904000024,2004-08,BLUE RIDGE REAL ESTATE CO,8-K/A,no_items_found,,,,,
14195,000119312504152150,2004-09,BRIGGS & STRATTON CORP,8-K/A,no_items_found,,,,,
718916,000071891604000028,2004-08,BURLINGTON COAT FACTORY WAREHOUSE CORP,8-K/A,no_items_found,,,,,
1297456,000090514804003284,2004-07,C-Bass Mtg Ln As Bk Cert Ser 2004-CB4,8-K/A,no_items_found,,,,,
1253710,000110465904025916,2004-08,"CANO PETROLEUM, INC",8-K/A,no_items_found,,,,,
17313,000101054904000582,2004-09,CAPITAL SOUTHWEST CORP,8-K/A,no_items_found,,,,,
891293,000119312504154864,2004-09,CELL THERAPEUTICS INC,8-K/A,no_items_found,,,,,
829323,000082932304000056,2004-09,CGI HOLDING CORP,8-K/A,no_items_found,,,,,
908821,000115895704000197,2004-09,CHEETAH OIL & GAS LTD.,8-K/A,no_items_found,,,,,
1298710,000088237704001762,2004-08,CWABS Asset Backed Certificates Trust 2004-BC3,8-K/A,no_items_found,,,,,
934448,000119312504145888,2004-08,DIGITAL GENERATION SYSTEMS INC,8-K/A,no_items_found,,,,,
853695,000095013404014359,2004-09,DIGITAL RECORDERS INC,8-K/A,no_items_found,,,,,
934646,000110465904027858,2004-09,"EXAM USA, INC.",8-K/A,no_items_found,,,,,
1168012,000113699904000378,2004-08,FIRST UNION NATIONAL BANK COM MORT PAS THR CERT SER 2002 C1,8-K/A,no_items_found,,,,,
1009833,000122527904000037,2004-09,GABRIEL TECHNOLOGIES CORP,8-K/A,no_items_found,,,,,
1009833,000122527904000053,2004-09,GABRIEL TECHNOLOGIES CORP,8-K/A,no_items_found,,,,,
1210336,000110465904026242,2004-08,GRANT VENTURES INC,8-K/A,no_items_found,,,,,
12659,000121721104000317,2004-09,H&R BLOCK INC,8-K/A,no_items_found,,,,,
1109242,000095012904005131,2004-07,HANMI FINANCIAL CORP,8-K/A,no_items_found,,,,,
923118,000092311804000133,2004-08,HOME PROPERTIES INC,8-K/A,no_items_found,,,,,
919603,000091068004000922,2004-08,"IGIA, Inc.",8-K/A,no_items_found,,,,,
1090295,000090514804003173,2004-07,INDYMAC MBS INC,8-K/A,no_items_found,,,,,
1174259,000114420404013263,2004-08,KEY GOLD CORP,8-K/A,no_items_found,,,,,
1172178,000108503704001040,2004-09,LIBERTY STAR GOLD CORP,8-K/A,no_items_found,,,,,
886163,000093639204000835,2004-08,LIGAND PHARMACEUTICALS INC,8-K/A,no_items_found,,,,,
886163,000088616304000018,2004-08,LIGAND PHARMACEUTICALS INC,8-K/A,no_items_found,,,,,
920707,000115752304008552,2004-09,MAKEMUSIC INC,8-K/A,no_items_found,,,,,
920707,000115752304008656,2004-09,MAKEMUSIC INC,8-K/A,no_items_found,,,,,
1166036,000110465904027382,2004-09,MARKWEST ENERGY PARTNERS L P,8-K/A,no_items_found,,,,,
15615,000095014404009341,2004-09,MASTEC INC,8-K/A,no_items_found,,,,,
1012482,000119312504162296,2004-09,NETOPIA INC,8-K/A,no_items_found,,,,,
1036075,000119312504114782,2004-07,NEW CENTURY FINANCIAL CORP,8-K/A,no_items_found,,,,,
880242,000114420404014635,2004-09,NUWAY MEDICAL INC,8-K/A,no_items_found,,,,,
1069799,000109690604000418,2004-09,PACIFIC SANDS INC,8-K/A,no_items_found,,,,,
824851,000114420404013834,2004-09,PEAK ENTERTAINMENT HOLDINGS INC,8-K/A,no_items_found,,,,,
32870,000110465904028768,2004-09,QUIXOTE CORP,8-K/A,no_items_found,,,,,
874385,000095013604003050,2004-09,RAG SHOPS INC,8-K/A,no_items_found,,,,,
1295670,000129567004000003,2004-07,RALI Series 2004-QS9 Trust,8-K/A,no_items_found,,,,,
315852,000095013404010078,2004-07,RANGE RESOURCES CORP,8-K/A,no_items_found,,,,,
833080,000114420404013404,2004-08,SAFETEK INTERNATIONAL INC,8-K/A,no_items_found,,,,,
730708,000108671504000095,2004-08,SEACOAST BANKING CORP OF FLORIDA,8-K/A,no_items_found,,,,,
1023459,000101968704001988,2004-09,SIMULATIONS PLUS INC,8-K/A,no_items_found,,,,,
1107206,000116169704000673,2004-08,SPEAR & JACKSON INC,8-K/A,no_items_found,,,,,
93389,000090901204000641,2004-09,STANDARD MOTOR PRODUCTS INC,8-K/A,no_items_found,,,,,
1299269,000106823804001130,2004-08,STRUCTURED ASSET MORT INV II INC BEAR STEARNS ALT A TR 04 8,8-K/A,no_items_found,,,,,
1302015,000091142004000391,2004-09,Structured Asset Mortgage Investments II Series 2004-AR5,8-K/A,no_items_found,,,,,
1299278,000091142004000345,2004-08,Structured Asset Mortgage Investments II Trust 2004-AR4,8-K/A,no_items_found,,,,,
1299278,000091142004000359,2004-08,Structured Asset Mortgage Investments II Trust 2004-AR4,8-K/A,no_items_found,,,,,
1292479,000113699904000388,2004-08,Structured Asset Securities Corp Mortgage Pass-through Certi,8-K/A,no_items_found,,,,,
1292479,000113699904000421,2004-09,Structured Asset Securities Corp Mortgage Pass-through Certi,8-K/A,no_items_found,,,,,
1292479,000113699904000423,2004-09,Structured Asset Securities Corp Mortgage Pass-through Certi,8-K/A,no_items_found,,,,,
1292479,000113699904000425,2004-09,Structured Asset Securities Corp Mortgage Pass-through Certi,8-K/A,no_items_found,,,,,
1050808,000089161804001262,2004-09,VITRIA TECHNOLOGY INC,8-K/A,no_items_found,,,,,
821407,000095014404008602,2004-08,WOLVERINE TUBE INC,8-K/A,no_items_found,,,,,
919611,000114420404015078,2004-09,XECHEM INTERNATIONAL INC,8-K/A,no_items_found,,,,,
814055,000095012904006745,2004-09,YOUBET COM INC,8-K/A,no_items_found,,,,,
883787,000110465904032665,2004-10,3CI COMPLETE COMPLIANCE CORP,8-K/A,no_items_found,,,,,
745651,000074565104000018,2004-10,"ADVANCED BATTERY TECHNOLOGIES, INC.",8-K/A,no_items_found,,,,,
943535,000114420404022268,2004-12,ADVANCED PLANT PHARMACEUTICALS INC,8-K/A,no_items_found,,,,,
842289,000120095204000955,2004-11,AG BAG INTERNATIONAL LTD,8-K/A,no_items_found,,,,,
842289,000120095204000973,2004-11,AG BAG INTERNATIONAL LTD,8-K/A,no_items_found,,,,,
842289,000120095204001009,2004-11,AG BAG INTERNATIONAL LTD,8-K/A,no_items_found,,,,,
353184,000035318404000042,2004-11,AIR T INC,8-K/A,no_items_found,,,,,
1239188,000101054904000831,2004-12,AMERICAN CONSTRUCTION CO,8-K/A,no_items_found,,,,,
1093644,000082002704001032,2004-12,AMERICAN ENTERPRISE MVA ACCOUNT,8-K/A,no_items_found,,,,,
1057222,000116923204005117,2004-10,AMICI VENTURES INC,8-K/A,no_items_found,,,,,
872947,000114420404017813,2004-11,APPLIED NEUROSOLUTIONS INC,8-K/A,no_items_found,,,,,
1080029,000119312504207250,2004-12,ASCENDANT SOLUTIONS INC,8-K/A,no_items_found,,,,,
7694,000000769404000166,2004-11,ASHLAND INC,8-K/A,no_items_found,,,,,
707063,000101054904000793,2004-11,AVATAR SYSTEMS INC,8-K/A,no_items_found,,,,,
1015441,000089710104002425,2004-11,AVAX TECHNOLOGIES INC,8-K/A,no_items_found,,,,,
1015441,000089710104002462,2004-11,AVAX TECHNOLOGIES INC,8-K/A,no_items_found,,,,,
788738,000114420404015759,2004-10,"AXIA GROUP, INC.",8-K/A,no_items_found,,,,,
1086473,000106299304001913,2004-11,BANYAN CORP /OR/,8-K/A,no_items_found,,,,,
1095821,000114554904001596,2004-11,BBMF CORP,8-K/A,no_items_found,,,,,
1103345,000110334504000017,2004-11,BEACON POWER CORP,8-K/A,no_items_found,,,,,
1019439,000101943904000040,2004-10,BIG DOG HOLDINGS INC,8-K/A,no_items_found,,,,,
1062431,000111650204002904,2004-12,BIO ONE CORP,8-K/A,no_items_found,,,,,
1098125,000111650204002457,2004-10,BLUE MOON GROUP INC,8-K/A,no_items_found,,,,,
793041,000095013404014564,2004-10,BOUNDLESS MOTOR SPORTS RACING INC,8-K/A,no_items_found,,,,,
798600,000090901204000835,2004-12,BRANDPARTNERS GROUP INC,8-K/A,no_items_found,,,,,
739460,000103570404000730,2004-11,CANYON RESOURCES CORP,8-K/A,no_items_found,,,,,
1116694,000095013704010020,2004-11,CAPITAL GROWTH SYSTEMS INC /FL/,8-K/A,no_items_found,,,,,
891293,000119312504183049,2004-11,CELL THERAPEUTICS INC,8-K/A,no_items_found,,,,,
1119601,000107654204000271,2004-11,"CHINA ENERGY SAVINGS TECHNOLOGY, INC.",8-K/A,no_items_found,,,,,
1080759,000107258804000414,2004-11,CHINA NETTV HOLDINGS INC,8-K/A,no_items_found,,,,,
913141,000095011604003092,2004-10,COMMONWEALTH INCOME & GROWTH FUND I,8-K/A,no_items_found,,,,,
938322,000095011604003094,2004-10,COMMONWEALTH INCOME & GROWTH FUND II,8-K/A,no_items_found,,,,,
1038878,000095011604003091,2004-10,COMMONWEALTH INCOME & GROWTH FUND III,8-K/A,no_items_found,,,,,
1141615,000095011604003093,2004-10,COMMONWEALTH INCOME & GROWTH FUND IV,8-K/A,no_items_found,,,,,
849636,000119312504205837,2004-12,CORTEX PHARMACEUTICALS INC/DE/,8-K/A,no_items_found,,,,,
1060824,000095013404017544,2004-11,COSINE COMMUNICATIONS INC,8-K/A,no_items_found,,,,,
1269518,000090514804005285,2004-12,CWALT INC,8-K/A,no_items_found,,,,,
906410,000090514804004696,2004-10,CWMBS INC,8-K/A,no_items_found,,,,,
906410,000090514804004724,2004-11,CWMBS INC,8-K/A,no_items_found,,,,,
1066961,000118518504000278,2004-12,CYBER MERCHANTS EXCHANGE INC,8-K/A,no_items_found,,,,,
799698,000095012904007904,2004-10,CYTRX CORP,8-K/A,no_items_found,,,,,
1083459,000101968704002951,2004-12,China Evergreen Environmental CORP,8-K/A,no_items_found,,,,,
878612,000090901204000833,2004-11,"ClearStory Systems, Inc.",8-K/A,no_items_found,,,,,
701719,000101054904000692,2004-11,DGSE COMPANIES INC,8-K/A,no_items_found,,,,,
825788,000121319904000007,2004-12,DIVALL INSURED INCOME PROPERTIES 2 LIMITED PARTNERSHIP,8-K/A,no_items_found,,,,,
1061112,000104746904033093,2004-11,DOE RUN RESOURCES CORP,8-K/A,no_items_found,,,,,
921878,000119312504204437,2004-11,DRUGMAX INC,8-K/A,no_items_found,,,,,
921878,000119312504209576,2004-12,DRUGMAX INC,8-K/A,no_items_found,,,,,
1213809,000114420404023163,2004-12,DYADIC INTERNATIONAL INC,8-K/A,no_items_found,,,,,
1083866,000108503704001190,2004-11,EDEN ENERGY CORP,8-K/A,no_items_found,,,,,
842919,000111776804000168,2004-11,ENVIRONMENTAL MONITORING & TESTING CORP,8-K/A,no_items_found,,,,,
806011,000110465904038288,2004-12,EQUIFIN INC,8-K/A,no_items_found,,,,,
1263810,000126381004000024,2004-11,EVERGREEN HOLDINGS INC,8-K/A,no_items_found,,,,,
1036052,000119312504185951,2004-11,EXCELSIOR PRIVATE EQUITY FUND II INC,8-K/A,no_items_found,,,,,
1103076,000119312504185946,2004-11,EXCELSIOR VENTURE PARTNERS III LLC,8-K/A,no_items_found,,,,,
1263764,000112707404000080,2004-11,FACEPRINT GLOBAL SOLUTIONS INC,8-K/A,no_items_found,,,,,
814547,000095013404019498,2004-12,FAIR ISAAC CORP,8-K/A,no_items_found,,,,,
893741,000115752304009722,2004-10,FRESH CHOICE INC,8-K/A,no_items_found,,,,,
1062663,000123174204000785,2004-11,"FTS GROUP, INC.",8-K/A,no_items_found,,,,,
40888,000095015204008702,2004-12,GENCORP INC,8-K/A,no_items_found,,,,,
1160764,000114420404019965,2004-11,"GENERAL COMPONENTS, INC.",8-K/A,no_items_found,,,,,
1118629,000114420404018143,2004-11,GLOBAL WIRELESS SATELLITE NETWORKS USA INC,8-K/A,no_items_found,,,,,
1302040,000091412104002503,2004-12,GS Mortgage GSAA Home Eq. Trust 2004-7,8-K/A,no_items_found,,,,,
1299137,000091412104002517,2004-12,GSAA HOME EQUITY TRUST 2004-6,8-K/A,no_items_found,,,,,
1307408,000116231804000778,2004-11,GSR Mortgage Loan Trust 2004-12,8-K/A,no_items_found,,,,,
1310083,000116231804000993,2004-12,GSR Mortgage Loan Trust 2004-14,8-K/A,no_items_found,,,,,
1306051,000110465904036448,2004-11,"GTA-IB, LLC",8-K/A,no_items_found,,,,,
1059155,000110465904031569,2004-10,"GoRemote Internet Communications, Inc.",8-K/A,no_items_found,,,,,
1177257,000110465904036584,2004-11,H&E EQUIPMENT SERVICES LLC,8-K/A,no_items_found,,,,,
917406,000119312504195269,2004-11,HANCOCK JOHN LIFE INSURANCE CO,8-K/A,no_items_found,,,,,
778165,000128220004000041,2004-12,HANOVER GOLD CO INC,8-K/A,no_items_found,,,,,
899749,000095014404010973,2004-11,HEALTHCARE REALTY TRUST INC,8-K/A,no_items_found,,,,,
727892,000082002704001033,2004-12,IDS LIFE INSURANCE CO,8-K/A,no_items_found,,,,,
355356,000035535604000037,2004-11,IMPERIAL PETROLEUM INC,8-K/A,no_items_found,,,,,
866609,000095012904010158,2004-12,INPUT OUTPUT INC,8-K/A,no_items_found,,,,,
1060910,000105291804000503,2004-12,INTERACTIVE MULTIMEDIA NETWORK INC,8-K/A,no_items_found,,,,,
1103310,000110594404000055,2004-12,INTERCARE DX INC,8-K/A,no_items_found,,,,,
1103390,000095013404017838,2004-11,INTRABIOTICS PHARMACEUTICALS INC /DE,8-K/A,no_items_found,,,,,
920424,000110465904040403,2004-12,INVESTMENT TECHNOLOGY GROUP INC,8-K/A,no_items_found,,,,,
350868,000110465904035669,2004-11,ITERIS HOLDINGS  INC,8-K/A,no_items_found,,,,,
1301924,000090514804004460,2004-10,"IndyMac MBS, Inc. Residential Asset Securitization Trust 200",8-K/A,no_items_found,,,,,
1236964,000110465904039520,2004-12,KNBT BANCORP INC,8-K/A,no_items_found,,,,,
1116368,000112785504000735,2004-11,KSIGN INTERNATIONAL INC,8-K/A,no_items_found,,,,,
1158486,000114420404018441,2004-11,"Logistical Support, Inc",8-K/A,no_items_found,,,,,
101778,000119312504204654,2004-11,MARATHON OIL CORP,8-K/A,no_items_found,,,,,
1019756,000110465904030285,2004-10,MARKWEST HYDROCARBON INC,8-K/A,no_items_found,,,,,
1262104,000095012304012313,2004-10,MARSHALL EDWARDS INC,8-K/A,no_items_found,,,,,
15615,000095014404009538,2004-10,MASTEC INC,8-K/A,no_items_found,,,,,
1302041,000091412104002577,2004-12,MASTR Adjustable Rate Mortgage Trust 2004-8,8-K/A,no_items_found,,,,,
1304818,000091412104002575,2004-12,MASTR Adjustable Rate Mortgages Trust 2004-10,8-K/A,no_items_found,,,,,
1304805,000091412104002579,2004-12,MASTR Adjustable Rate Mortgages Trust 2004-9,8-K/A,no_items_found,,,,,
1122380,000114420404021449,2004-12,MAXIM MORTGAGE CORP/,8-K/A,no_items_found,,,,,
1120411,000114420404016554,2004-10,MEDIA & ENTERTAINMENT COM INC,8-K/A,no_items_found,,,,,
747574,000122182504000128,2004-12,MEISENHEIMER CAPITAL INC,8-K/A,no_items_found,,,,,
794172,000089225104001189,2004-12,MERIDIAN BIOSCIENCE INC,8-K/A,no_items_found,,,,,
1071758,000110594404000056,2004-12,MERIDIAN HOLDINGS INC,8-K/A,no_items_found,,,,,
882154,000095015204007366,2004-10,METRETEK TECHNOLOGIES INC,8-K/A,no_items_found,,,,,
32567,000126493104000206,2004-11,METWOOD INC,8-K/A,no_items_found,,,,,
67472,000006747204000178,2004-12,MOLEX INC,8-K/A,no_items_found,,,,,
935496,000101968704002910,2004-12,MULTI MEDIA TUTORIAL SERVICES INC,8-K/A,no_items_found,,,,,
935496,000101968704002942,2004-12,MULTI MEDIA TUTORIAL SERVICES INC,8-K/A,no_items_found,,,,,
1307193,000091412104002550,2004-12,Morgan Stanley ABS Capital I Inc. Trust 2004-HE8,8-K/A,no_items_found,,,,,
1080316,000116552704000240,2004-10,NANO SUPERLATTICE TECHNOLOGY INC.,8-K/A,no_items_found,,,,,
1099609,000120180004000197,2004-10,NESCO INDUSTRIES INC,8-K/A,no_items_found,,,,,
1050996,000110465904040002,2004-12,NORTHEAST PENNSYLVANIA FINANCIAL CORP,8-K/A,no_items_found,,,,,
758004,000075800404000066,2004-10,NOVELL INC,8-K/A,no_items_found,,,,,
740971,000074097104000083,2004-10,OLD POINT FINANCIAL CORP,8-K/A,no_items_found,,,,,
1126302,000112630204000100,2004-11,ON THE GO HEALTHCARE INC,8-K/A,no_items_found,,,,,
1126302,000112630204000110,2004-11,ON THE GO HEALTHCARE INC,8-K/A,no_items_found,,,,,
889992,000095011704004204,2004-11,ORTEC INTERNATIONAL INC,8-K/A,no_items_found,,,,,
1006281,000095014404011550,2004-11,ORTHODONTIX INC,8-K/A,no_items_found,,,,,
77808,000095017204002610,2004-11,PETRIE STORES LIQUIDATING TRUST,8-K/A,no_items_found,,,,,
791050,000090730304000268,2004-12,PHOTOWORKS INC /WA,8-K/A,no_items_found,,,,,
895234,000081291404000272,2004-10,PLM EQUIPMENT GROWTH & INCOME FUND VII,8-K/A,no_items_found,,,,,
874395,000081291404000270,2004-10,PLM EQUIPMENT GROWTH FUND VI,8-K/A,no_items_found,,,,,
744667,000101041204000462,2004-12,PROCESS TECHNOLOGY SYSTEMS INC,8-K/A,no_items_found,,,,,
928956,000081291404000274,2004-10,PROFESSIONAL LEASE MANAGEMENT INCOME FUND I LLC,8-K/A,no_items_found,,,,,
1001917,000095012404006424,2004-12,PYRAMID BREWERIES INC,8-K/A,no_items_found,,,,,
1310191,000088237704002650,2004-12,"Park Place Securities, Inc., Asset-Backed Pass-Through Certi",8-K/A,no_items_found,,,,,
1130126,000101905604001313,2004-11,Quest Minerals & Mining Corp,8-K/A,no_items_found,,,,,
1041858,000095017204003024,2004-12,RCN CORP /DE/,8-K/A,no_items_found,,,,,
769874,000119312504210542,2004-12,REMEC INC,8-K/A,no_items_found,,,,,
769874,000119312504213822,2004-12,REMEC INC,8-K/A,no_items_found,,,,,
706507,000089907804000723,2004-10,RENAISSANCE ACCEPTANCE GROUP INC,8-K/A,no_items_found,,,,,
922204,000119312504205247,2004-11,RF MONOLITHICS INC /DE/,8-K/A,no_items_found,,,,,
85408,000008540804000066,2004-11,ROWAN COMPANIES INC,8-K/A,no_items_found,,,,,
926229,000114420404016764,2004-10,SCANTEK MEDICAL INC,8-K/A,no_items_found,,,,,
1121260,000113705004000266,2004-12,SHALLBETTER INDUSTRIES INC,8-K/A,no_items_found,,,,,
1005698,000130794204000016,2004-12,SMARTSERV ONLINE INC,8-K/A,no_items_found,,,,,
936931,000119312504179506,2004-10,SOURCECORP INC,8-K/A,no_items_found,,,,,
946453,000119312504214529,2004-12,SOUTHERN BANC CO INC,8-K/A,no_items_found,,,,,
881468,000114420404022484,2004-12,SPATIALIGHT INC,8-K/A,no_items_found,,,,,
1107206,000116169704001016,2004-12,SPEAR & JACKSON INC,8-K/A,no_items_found,,,,,
319013,000101968704002648,2004-11,SPECTRUM LABORATORIES INC /CA,8-K/A,no_items_found,,,,,
1100202,000101172304000071,2004-10,SUTTER HOLDING CO INC,8-K/A,no_items_found,,,,,
1100202,000101172304000096,2004-12,SUTTER HOLDING CO INC,8-K/A,no_items_found,,,,,
1307628,000116231804000756,2004-11,Structured Asset Investment Loan Trust 2004-10,8-K/A,no_items_found,,,,,
1307374,000088237704002551,2004-12,"Structured Asset Mortgage Investments II Inc., HomeBanc Mort",8-K/A,no_items_found,,,,,
1304835,000091142004000441,2004-10,Structured Asset Mortgage Investments II Trust 2004-AR6,8-K/A,no_items_found,,,,,
1123219,000114420404019754,2004-11,TELCOBLUE INC,8-K/A,no_items_found,,,,,
1123219,000114420404022752,2004-12,TELCOBLUE INC,8-K/A,no_items_found,,,,,
910267,000101968704002408,2004-11,TITAN PHARMACEUTICALS INC,8-K/A,no_items_found,,,,,
921549,000095012304013676,2004-11,TRICO MARINE SERVICES INC,8-K/A,no_items_found,,,,,
1265092,000126509204000013,2004-11,TRUST CREATED FEBRUARY 25 1986,8-K/A,no_items_found,,,,,
1265092,000126509204000017,2004-12,TRUST CREATED FEBRUARY 25 1986,8-K/A,no_items_found,,,,,
1049231,000119312504180607,2004-10,UNITED PAN AM FINANCIAL CORP,8-K/A,no_items_found,,,,,
1089815,000116923204006158,2004-12,US NEUROSURGICAL INC,8-K/A,no_items_found,,,,,
1099531,000110465904039079,2004-12,VANTAGEMED CORP,8-K/A,no_items_found,,,,,
1030206,000089710104002211,2004-10,VASCULAR SOLUTIONS INC,8-K/A,no_items_found,,,,,
1036968,000116923204005585,2004-11,VAXGEN INC,8-K/A,no_items_found,,,,,
1036968,000116923204005839,2004-11,VAXGEN INC,8-K/A,no_items_found,,,,,
1056598,000130024804000142,2004-12,VICTOR INDUSTRIES INC,8-K/A,no_items_found,,,,,
1192069,000113902004000346,2004-12,WINFIELD FINANCIAL GROUP INC,8-K/A,no_items_found,,,,,
38981,000092242304001739,2004-10,WIRELESS FRONTIER INTERNET INC,8-K/A,no_items_found,,,,,
1114302,000113902004000337,2004-12,WORLD WIDE WEB INC,8-K/A,no_items_found,,,,,
797397,000095014404012187,2004-12,YAGER KUESTER PUBLIC FUND 1986 LIMITED PARTNERSHIP,8-K/A,no_items_found,,,,,
814055,000101019204000056,2004-10,YOUBET COM INC,8-K/A,no_items_found,,,,,
1134018,000100201404000576,2004-10,ZEOLITE MINING CORP.,8-K/A,no_items_found,,,,,
1011601,000114420405007136,2005-03,ACTIVECORE TECHNOLOGIES INC,8-K/A,no_items_found,,,,,
1020657,000118518505000049,2005-01,ADVANCED OPTICS ELECTRONICS INC,8-K/A,no_items_found,,,,,
1042420,000119312505025156,2005-02,"AKESIS PHARMACEUTICALS, INC.",8-K/A,no_items_found,,,,,
825313,000110465905000447,2005-01,ALLIANCE CAPITAL MANAGEMENT HOLDING LP,8-K/A,no_items_found,,,,,
1109448,000110465905000446,2005-01,ALLIANCE CAPITAL MANAGEMENT L P,8-K/A,no_items_found,,,,,
1088781,000114420405001384,2005-01,AMAZON BIOTECH INC,8-K/A,no_items_found,,,,,
4962,000000496205000086,2005-03,AMERICAN EXPRESS CO,8-K/A,no_items_found,,,,,
4969,000000496905000001,2005-03,AMERICAN EXPRESS CREDIT CORP,8-K/A,no_items_found,,,,,
26537,000095013305000192,2005-01,"ARGON ST, Inc.",8-K/A,no_items_found,,,,,
1271484,000100009605000127,2005-02,ASSURETEC HOLDINGS INC,8-K/A,no_items_found,,,,,
789606,000107937205000002,2005-01,"AZTEC OIL & GAS, INC.",8-K/A,no_items_found,,,,,
1312454,000088237705000227,2005-02,American Home Mortgage Investment Trust 2004-4,8-K/A,no_items_found,,,,,
1283137,000105640405001072,2005-02,BANC OF AMERICA COMMERCIAL MORT PASS THR CERTS SER 2004-1,8-K/A,no_items_found,,,,,
1166389,000101054905000160,2005-03,BASIC EMPIRE CORP,8-K/A,no_items_found,,,,,
1089598,000101092405000024,2005-02,BAYNON INTERNATIONAL CORP,8-K/A,no_items_found,,,,,
1319557,000088237705000585,2005-03,"BEAR STEARNS ARM TRUST, MORTGAGE-BACKED NOTES, SERIES 2005-2",8-K/A,no_items_found,,,,,
1307453,000113699905000120,2005-03,BEAR STEARNS ASSET BACKED SECURITIES I TRUST 2004-HE9,8-K/A,no_items_found,,,,,
764478,000110465905008310,2005-02,BEST BUY CO INC,8-K/A,no_items_found,,,,,
811809,000095017205000889,2005-03,BHP BILLITON LTD,8-K/A,no_items_found,,,,,
811809,000095017205000891,2005-03,BHP BILLITON LTD,8-K/A,no_items_found,,,,,
1058767,000118518505000050,2005-01,BIOMODA INC/NM,8-K/A,no_items_found,,,,,
1173359,000089710105000765,2005-03,CAPSOURCE FINANCIAL INC,8-K/A,no_items_found,,,,,
814676,000081467605000002,2005-02,CERAMICS PROCESS SYSTEMS CORP/DE/,8-K/A,no_items_found,,,,,
1118326,000083248805000006,2005-03,CERTIFIED SERVICES INC,8-K/A,no_items_found,,,,,
721693,000101054905000056,2005-01,CHINA DIGITAL WIRELESS INC,8-K/A,no_items_found,,,,,
1123440,000114420405000361,2005-01,"CHINA FINANCE, INC.",8-K/A,no_items_found,,,,,
1125280,000094935305000071,2005-02,CHINA WIRELESS COMMUNICATIONS INC,8-K/A,no_items_found,,,,,
922717,000095015505000048,2005-03,CHINDEX INTERNATIONAL INC,8-K/A,no_items_found,,,,,
230131,000119312505052532,2005-03,COMDIAL CORP,8-K/A,no_items_found,,,,,
1109879,000119312505036142,2005-02,COMPUTER SOFTWARE INNOVATIONS INC,8-K/A,no_items_found,,,,,
1138173,000095012905001731,2005-02,CONSUMER DIRECT OF AMERICA,8-K/A,no_items_found,,,,,
1063665,000106366505000008,2005-03,CORGENIX MEDICAL CORP/CO,8-K/A,no_items_found,,,,,
1168938,000109328705000059,2005-03,CRAFTY ADMIRAL ENTERPRISES LTD,8-K/A,no_items_found,,,,,
949721,000114420405001561,2005-01,CREATIVE BAKERIES INC,8-K/A,no_items_found,,,,,
1113524,000114420405003111,2005-02,CREATIVE VISTAS INC,8-K/A,no_items_found,,,,,
1310785,000091412105000538,2005-03,CSFB COMMERCIAL MORT PASS THR CERTS SER 2004 C5,8-K/A,no_items_found,,,,,
1313077,000090514805001355,2005-03,CWABS INC ASSET BACKED CERTIFICATES SERIES 2004-15,8-K/A,no_items_found,,,,,
1118480,000116415005000053,2005-02,CYBER DEFENSE SYSTEMS INC,8-K/A,no_items_found,,,,,
849778,000119312505030250,2005-02,CYTYC CORP,8-K/A,no_items_found,,,,,
1166414,000130101705000019,2005-01,Cobalis Corp,8-K/A,no_items_found,,,,,
1164256,000105291805000106,2005-02,DAYBREAK MINES INC,8-K/A,no_items_found,,,,,
836809,000109000205000018,2005-01,DIMENSIONAL VISIONS INC/ DE,8-K/A,no_items_found,,,,,
1091406,000109140605000004,2005-03,EDGAR FILINGNET INC,8-K/A,no_items_found,,,,,
1038833,000119312505038181,2005-02,EDUCATION LOANS INC /DE,8-K/A,no_items_found,,,,,
1038833,000119312505038183,2005-02,EDUCATION LOANS INC /DE,8-K/A,no_items_found,,,,,
31667,000095013405004736,2005-03,EDUCATIONAL DEVELOPMENT CORP,8-K/A,no_items_found,,,,,
797662,000110262405000029,2005-02,ELEMENT 21 GOLF CO,8-K/A,no_items_found,,,,,
858800,000115752305000927,2005-02,EMCLAIRE FINANCIAL CORP,8-K/A,no_items_found,,,,,
1289047,000128904705000003,2005-02,"ENERGENX, INC.",8-K/A,no_items_found,,,,,
1142336,000095012405002013,2005-03,"FAMILY HOME HEALTH SERVICES, INC.",8-K/A,no_items_found,,,,,
1085913,000108591305000010,2005-03,FARMERS & MERCHANTS BANCORP,8-K/A,no_items_found,,,,,
710507,000106880005000215,2005-03,FIRST BANKS INC,8-K/A,no_items_found,,,,,
1137102,000105640405001198,2005-03,FIRST UNION COMM MORT TRUST COMM MOR PAS THR CER SER 1999-C1,8-K/A,no_items_found,,,,,
911004,000095017205000449,2005-02,FRIEDMANS INC,8-K/A,no_items_found,,,,,
1062663,000123174205000050,2005-01,"FTS GROUP, INC.",8-K/A,no_items_found,,,,,
757563,000129707705000041,2005-03,FURIA ORGANIZATION INC /DE/,8-K/A,no_items_found,,,,,
1160764,000114420405001660,2005-01,"GENERAL COMPONENTS, INC.",8-K/A,no_items_found,,,,,
1122991,000111650205000422,2005-03,GLEN MANOR RESOURCES INC,8-K/A,no_items_found,,,,,
944020,000126246305000032,2005-03,GTREX INC,8-K/A,no_items_found,,,,,
949427,000101968705000127,2005-01,HARTCOURT COMPANIES INC,8-K/A,no_items_found,,,,,
47035,000120180005000015,2005-01,HERLEY INDUSTRIES INC /NEW,8-K/A,no_items_found,,,,,
923118,000092311805000047,2005-03,HOME PROPERTIES INC,8-K/A,no_items_found,,,,,
225463,000090631805000022,2005-01,HUFFY CORP,8-K/A,no_items_found,,,,,
1266719,000101376205000266,2005-03,"Harbin Electric, Inc",8-K/A,no_items_found,,,,,
1312101,000116231805000239,2005-03,HarborView Mortgage Loan Trust 2004-10,8-K/A,no_items_found,,,,,
1307410,000116231805000006,2005-01,HarborView Mortgage Loan Trust 2004-8,8-K/A,no_items_found,,,,,
1275229,000105291805000092,2005-02,IDAHO GENERAL MINES INC,8-K/A,no_items_found,,,,,
1042291,000101968705000060,2005-01,ILINC COMMUNICATIONS INC,8-K/A,no_items_found,,,,,
1063842,000114420405002395,2005-01,IMAGE INNOVATIONS HOLDINGS INC,8-K/A,no_items_found,,,,,
1025707,000093041305000122,2005-01,"INCENTRA SOLUTIONS, INC.",8-K/A,no_items_found,,,,,
878278,000087827805000003,2005-02,INLAND CAPITAL FUND L P,8-K/A,no_items_found,,,,,
825315,000082531505000004,2005-02,INLAND LAND APPRECIATION FUND LP,8-K/A,no_items_found,,,,,
812909,000081290905000003,2005-02,INLANDS MONTHLY INCOME FUND L P,8-K/A,no_items_found,,,,,
82473,000110465905004132,2005-02,INNSUITES HOSPITALITY TRUST,8-K/A,no_items_found,,,,,
741114,000115895705000019,2005-02,INTEGRATED SECURITY SYSTEMS INC,8-K/A,no_items_found,,,,,
741114,000115895705000023,2005-03,INTEGRATED SECURITY SYSTEMS INC,8-K/A,no_items_found,,,,,
717751,000119312505044605,2005-03,INTERNATIONAL ELECTRONICS INC,8-K/A,no_items_found,,,,,
1057232,000117091805000115,2005-03,INTERPLAY ENTERTAINMENT CORP,8-K/A,no_items_found,,,,,
1120817,000115752305000027,2005-01,INTRAOP MEDICAL CORP,8-K/A,no_items_found,,,,,
1105064,000107261305000632,2005-03,IVOICE COM INC /DE,8-K/A,no_items_found,,,,,
841096,000119312505042699,2005-03,IVORY CAPITAL CORP,8-K/A,no_items_found,,,,,
814183,000109432805000013,2005-01,InZon CORP,8-K/A,no_items_found,,,,,
1114925,000101968705000485,2005-02,LANTRONIX INC,8-K/A,no_items_found,,,,,
911212,000114420405001700,2005-01,LEADING EDGE EARTH PRODUCTS INC,8-K/A,no_items_found,,,,,
1160084,000116008405000006,2005-01,LOCATEPLUS HOLDINGS CORP,8-K/A,no_items_found,,,,,
1043105,000118811205000352,2005-02,MAILKEY CORP,8-K/A,no_items_found,,,,,
1091967,000119983505000025,2005-01,MANAKOA SERVICES CORP,8-K/A,no_items_found,,,,,
1307708,000091412105000107,2005-01,MASTR ALTERNATIVE LOAN TRUST 2004-11,8-K/A,no_items_found,,,,,
1310239,000091412105000109,2005-01,MASTR Adjustable Rate Mortgages Trust 2004-15,8-K/A,no_items_found,,,,,
1024022,000107018805000026,2005-03,MEDIA SCIENCES INTERNATIONAL INC,8-K/A,no_items_found,,,,,
716688,000071668805000003,2005-02,MICROWAVE FILTER CO INC /NY/,8-K/A,no_items_found,,,,,
1064063,000089322005000334,2005-02,MIIX GROUP INC,8-K/A,no_items_found,,,,,
1116773,000109690605000067,2005-02,MILL CREEK RESEARCH INC,8-K/A,no_items_found,,,,,
1116773,000109690605000073,2005-03,MILL CREEK RESEARCH INC,8-K/A,no_items_found,,,,,
785968,000101041205000037,2005-02,MILLER PETROLEUM INC,8-K/A,no_items_found,,,,,
1010566,000114420405002312,2005-01,MINGHUA GROUP INTERNATIONAL HOLDINGS LTD,8-K/A,no_items_found,,,,,
1121225,000089979705000016,2005-01,"MINRAD INTERNATIONAL, INC.",8-K/A,no_items_found,,,,,
1121225,000089979705000079,2005-03,"MINRAD INTERNATIONAL, INC.",8-K/A,no_items_found,,,,,
1097181,000119312505026754,2005-02,MOLECULAR IMAGING CORP,8-K/A,no_items_found,,,,,
1029356,000107997305000048,2005-01,MONET ENTERTAINMENT GROUP LTD,8-K/A,no_items_found,,,,,
1285785,000119312505056207,2005-03,MOSAIC CO,8-K/A,no_items_found,,,,,
1085104,000114420405008553,2005-03,MOVING BYTES INC,8-K/A,no_items_found,,,,,
1277902,000119312505018100,2005-02,MVB FINANCIAL CORP,8-K/A,no_items_found,,,,,
1277902,000119312505041407,2005-03,MVB FINANCIAL CORP,8-K/A,no_items_found,,,,,
1042501,000101968705000499,2005-02,"Myriad Entertainment & Resorts, Inc.",8-K/A,no_items_found,,,,,
799426,000116169705000246,2005-03,NEW WORLD BRANDS INC,8-K/A,no_items_found,,,,,
1072379,000095012405000505,2005-02,NORTHWEST BIOTHERAPEUTICS INC,8-K/A,no_items_found,,,,,
1169354,000116935405000002,2005-02,NORTON INDUSTRIES CORP,8-K/A,no_items_found,,,,,
1302946,000100009605000157,2005-03,"Navidec Financial Services, Inc.",8-K/A,no_items_found,,,,,
1302946,000110889005000156,2005-03,"Navidec Financial Services, Inc.",8-K/A,no_items_found,,,,,
1092083,000116415005000072,2005-03,NewMarket Technology Inc,8-K/A,no_items_found,,,,,
350737,000035073705000001,2005-01,OCEAN BIO CHEM INC,8-K/A,no_items_found,,,,,
1164621,000116462105000002,2005-01,OEF CORPORATE SOLUTIONS INC,8-K/A,no_items_found,,,,,
889992,000095011705000494,2005-02,ORTEC INTERNATIONAL INC,8-K/A,no_items_found,,,,,
930817,000114420405007910,2005-03,OTHNET INC,8-K/A,no_items_found,,,,,
1135338,000113533805000002,2005-01,PEGASUS COMMUNICATIONS CORP /,8-K/A,no_items_found,,,,,
1121282,000126493105000028,2005-01,PINGCHUAN PHARMACEUTICAL INC,8-K/A,no_items_found,,,,,
1121282,000126493105000042,2005-02,PINGCHUAN PHARMACEUTICAL INC,8-K/A,no_items_found,,,,,
1123845,000101540205000856,2005-02,PLANETLINK COMMUNICATIONS INC,8-K/A,no_items_found,,,,,
1315833,000088237705000473,2005-03,"PRIME MORTGAGE TRUST, MORTGAGE PASS-THROUGH CERTIFICATES & R",8-K/A,no_items_found,,,,,
1287032,000094787105000152,2005-01,PROSPECT ENERGY CORP,8-K/A,no_items_found,,,,,
1309541,000107997305000164,2005-03,"Petramerica Oil, Inc.",8-K/A,no_items_found,,,,,
1126533,000111650205000245,2005-02,REAL LOGIC  INC,8-K/A,no_items_found,,,,,
870069,000095000505000291,2005-03,REGAN HOLDING CORP,8-K/A,no_items_found,,,,,
769874,000119312505035158,2005-02,REMEC INC,8-K/A,no_items_found,,,,,
1076534,000121390005000223,2005-03,ROANOKE TECHNOLOGY CORP,8-K/A,no_items_found,,,,,
1200202,000111650205000214,2005-02,RS GROUP OF COMPANIES INC,8-K/A,no_items_found,,,,,
1163542,000094627505000302,2005-03,RSV BANCORP INC,8-K/A,no_items_found,,,,,
906326,000119312505047039,2005-03,RURAL METRO CORP /DE/,8-K/A,no_items_found,,,,,
1274211,000106299305000213,2005-02,SALAMON GROUP INC,8-K/A,no_items_found,,,,,
919173,000095011605000081,2005-01,SCANVEC AMIABLE LTD,8-K/A,no_items_found,,,,,
1156295,000119312505036269,2005-02,SERACARE LIFE SCIENCES INC,8-K/A,no_items_found,,,,,
1032405,000114420405005551,2005-02,SILVERADO FINANCIAL INC,8-K/A,no_items_found,,,,,
923601,000114420405001429,2005-01,SINGING MACHINE CO INC,8-K/A,no_items_found,,,,,
805419,000118143105010068,2005-02,SIZELER PROPERTY INVESTORS INC,8-K/A,no_items_found,,,,,
1005698,000130794205000002,2005-01,SMARTSERV ONLINE INC,8-K/A,no_items_found,,,,,
747345,000119312505015054,2005-01,SMITHTOWN BANCORP INC,8-K/A,no_items_found,,,,,
1145761,000126493105000081,2005-03,SONGZAI INTERNATIONAL HOLDING GROUP INC,8-K/A,no_items_found,,,,,
793044,000110465905005574,2005-02,SPORTS ENTERTAINMENT ENTERPRISES INC,8-K/A,no_items_found,,,,,
1100202,000101172305000008,2005-02,SUTTER HOLDING CO INC,8-K/A,no_items_found,,,,,
1313621,000091142005000021,2005-01,Structured Asset Mortgage Investments II Trust 2004-AR8,8-K/A,no_items_found,,,,,
1084557,000114420405005895,2005-02,TASKER CAPITAL CORP,8-K/A,no_items_found,,,,,
788340,000078834005000001,2005-02,TECHNICAL VENTURES INC,8-K/A,no_items_found,,,,,
1140102,000114420405003434,2005-02,TEMPORARY FINANCIAL SERVICES INC,8-K/A,no_items_found,,,,,
1104194,000105854905000003,2005-03,U S CANADIAN MINERALS INC,8-K/A,no_items_found,,,,,
1138586,000116415005000036,2005-02,"UNION DENTAL HOLDINGS, INC.",8-K/A,no_items_found,,,,,
1051719,000095013305001098,2005-03,UNITED DEFENSE INDUSTRIES INC,8-K/A,no_items_found,,,,,
835270,000083527005000013,2005-03,UNITRONIX CORP,8-K/A,no_items_found,,,,,
1099509,000114420405002681,2005-01,VERTICAL COMPUTER SYSTEMS INC,8-K/A,no_items_found,,,,,
1099509,000114420405003354,2005-02,VERTICAL COMPUTER SYSTEMS INC,8-K/A,no_items_found,,,,,
1133192,000113319205000001,2005-01,VIPER NETWORKS INC,8-K/A,no_items_found,,,,,
1133192,000113319205000012,2005-02,VIPER NETWORKS INC,8-K/A,no_items_found,,,,,
919130,000114420405000205,2005-01,VISUAL DATA CORP,8-K/A,no_items_found,,,,,
1315296,000127727705000153,2005-02,"WaMu Mortgage Pass-Through Certificates, Series 2005-AR2",8-K/A,no_items_found,,,,,
1315296,000127727705000172,2005-03,"WaMu Mortgage Pass-Through Certificates, Series 2005-AR2",8-K/A,no_items_found,,,,,
1160165,000100201405000164,2005-03,ZEOLITE EXPLORATION CO,8-K/A,no_items_found,,,,,
1098329,000101540205000727,2005-02,Zann Corp,8-K/A,no_items_found,,,,,
1040792,000112528205001980,2005-04,A CONSULTING TEAM INC,8-K/A,no_items_found,,,,,
737243,000089843205000317,2005-04,ACORN HOLDING CORP,8-K/A,no_items_found,,,,,
1096620,000114420405017694,2005-05,ADVANCED MEDICAL INSTITUTE INC.,8-K/A,no_items_found,,,,,
1183075,000115752305003618,2005-04,AEGIS ASSESSMENTS INC,8-K/A,no_items_found,,,,,
778426,000119312505105687,2005-05,AEGIS COMMUNICATIONS GROUP INC,8-K/A,no_items_found,,,,,
4457,000095015305001422,2005-06,AMERCO /NV/,8-K/A,no_items_found,,,,,
1001516,000107654205000101,2005-04,AMERICAN SOUTHWEST HOLDINGS INC,8-K/A,no_items_found,,,,,
943184,000109635005000044,2005-04,ANDEAN DEVELOPMENT CORP,8-K/A,no_items_found,,,,,
943184,000109635005000051,2005-05,ANDEAN DEVELOPMENT CORP,8-K/A,no_items_found,,,,,
943184,000109635005000057,2005-06,ANDEAN DEVELOPMENT CORP,8-K/A,no_items_found,,,,,
823876,000110465905017708,2005-04,APOGEE TECHNOLOGY INC,8-K/A,no_items_found,,,,,
1081242,000116796605000628,2005-04,AQUATIC CELLULOSE INTERNATIONAL CORP,8-K/A,no_items_found,,,,,
8146,000091426005000130,2005-06,ASTRO MED INC /NEW/,8-K/A,no_items_found,,,,,
1312454,000088237705000778,2005-04,American Home Mortgage Investment Trust 2004-4,8-K/A,no_items_found,,,,,
27850,000116923205003256,2005-06,BANKERS STORE INC,8-K/A,no_items_found,,,,,
1166389,000101054905000234,2005-04,BASIC EMPIRE CORP,8-K/A,no_items_found,,,,,
1228454,000094337405000483,2005-04,BCB BANCORP INC,8-K/A,no_items_found,,,,,
1322555,000088237705000857,2005-04,BEAR STEARNS ASSET BACKED SECURITIES I TRUST 2005-HE3,8-K/A,no_items_found,,,,,
1328518,000088237705001494,2005-06,BEAR STEARNS ASSET BACKED SECURITIES I TRUST 2005-TC1,8-K/A,no_items_found,,,,,
764478,000110465905022290,2005-05,BEST BUY CO INC,8-K/A,no_items_found,,,,,
1126752,000116415005000145,2005-05,BLUE INDUSTRIES INC,8-K/A,no_items_found,,,,,
949870,000091064705000104,2005-04,BOSTON BEER CO INC,8-K/A,no_items_found,,,,,
1082737,000112707405000011,2005-04,BP INTERNATIONAL INC,8-K/A,no_items_found,,,,,
1304740,000109230605000184,2005-04,Bridge Capital Holdings,8-K/A,no_items_found,,,,,
350199,000090266405001032,2005-05,CACHE INC,8-K/A,no_items_found,,,,,
13033,000001303305000007,2005-06,CAMELOT CORP,8-K/A,no_items_found,,,,,
354767,000109000205000130,2005-05,CAPCO ENERGY INC,8-K/A,no_items_found,,,,,
931784,000119312505108833,2005-05,CAPTARIS INC,8-K/A,no_items_found,,,,,
719722,000119312505092299,2005-05,CARDIODYNAMICS INTERNATIONAL CORP,8-K/A,no_items_found,,,,,
943033,000119312505119752,2005-06,CCF HOLDING CO,8-K/A,no_items_found,,,,,
1084088,000108671505000020,2005-04,CELTRON INTERNATIONAL INC,8-K/A,no_items_found,,,,,
1174820,000119312505133721,2005-06,CENTER FINANCIAL CORP,8-K/A,no_items_found,,,,,
797313,000114420405010767,2005-04,CHELL GROUP CORP,8-K/A,no_items_found,,,,,
1027884,000095012905003663,2005-04,CHICAGO BRIDGE & IRON CO N V,8-K/A,no_items_found,,,,,
1039726,000113705005000166,2005-04,CHINA EXPERT TECHNOLOGY INC,8-K/A,no_items_found,,,,,
793044,000091142005000155,2005-04,"CKX, Inc.",8-K/A,no_items_found,,,,,
1238579,000129993305001620,2005-04,CLEARANT INC,8-K/A,no_items_found,,,,,
1218244,000112785505000431,2005-06,CLINICAL INTELLIGENCE INC,8-K/A,no_items_found,,,,,
1063665,000106366505000010,2005-04,CORGENIX MEDICAL CORP/CO,8-K/A,no_items_found,,,,,
1164256,000105291805000203,2005-04,DAYBREAK MINES INC,8-K/A,no_items_found,,,,,
872912,000095012305005398,2005-05,DELCATH SYSTEMS INC,8-K/A,no_items_found,,,,,
899166,000109230605000203,2005-04,DHB INDUSTRIES INC,8-K/A,no_items_found,,,,,
810623,000081062305000004,2005-06,DIVERSIFIED HISTORIC INVESTORS IV,8-K/A,no_items_found,,,,,
785186,000110465905024804,2005-05,DURATEK INC,8-K/A,no_items_found,,,,,
828940,000101540205002956,2005-06,"Diamond I, Inc.",8-K/A,no_items_found,,,,,
1054040,000119312505074542,2005-04,EAGLE FAMILY FOODS HOLDINGS INC,8-K/A,no_items_found,,,,,
1059761,000119312505074542,2005-04,EAGLE FAMILY FOODS INC,8-K/A,no_items_found,,,,,
1137117,000114037705000068,2005-04,EARTHNETMEDIA INC,8-K/A,no_items_found,,,,,
761034,000129110705000015,2005-04,ENUCLEUS INC,8-K/A,no_items_found,,,,,
761034,000129110705000017,2005-04,ENUCLEUS INC,8-K/A,no_items_found,,,,,
810270,000126246305000042,2005-04,EXUS GLOBAL INC,8-K/A,no_items_found,,,,,
1094808,000112528205002635,2005-05,FINDWHAT COM INC,8-K/A,no_items_found,,,,,
866374,000119312505128063,2005-06,FLEXTRONICS INTERNATIONAL LTD,8-K/A,no_items_found,,,,,
38079,000104746905011594,2005-04,FOREST OIL CORP,8-K/A,no_items_found,,,,,
808047,000001303305000008,2005-06,FORME CAPITAL INC,8-K/A,no_items_found,,,,,
216593,000132391405000021,2005-06,FUEL CORP OF AMERICA,8-K/A,no_items_found,,,,,
1325180,000091412105001090,2005-06,First Franklin Mortgage Loan Trust 2005-FF2,8-K/A,no_items_found,,,,,
75491,000119312505076559,2005-04,GAS TRANSMISSION NORTHWEST CORP,8-K/A,no_items_found,,,,,
894556,000101629505000037,2005-06,"GENERAL ENVIRONMENTAL MANAGEMENT, INC",8-K/A,no_items_found,,,,,
912562,000121987005000068,2005-06,"GIBRALTAR INDUSTRIES, INC.",8-K/A,no_items_found,,,,,
1055313,000105531305000014,2005-05,"GLOBAL CONCEPTS, LTD.",8-K/A,no_items_found,,,,,
1144509,000126606805000128,2005-06,GOLD CAMP CRIPPLE CREEK COLORADO INC,8-K/A,no_items_found,,,,,
1048620,000110465905028515,2005-06,GRANITE CITY FOOD & BREWERY LTD,8-K/A,no_items_found,,,,,
354053,000089907805000390,2005-05,HANDY HARDWARE WHOLESALE INC,8-K/A,no_items_found,,,,,
354053,000089907805000404,2005-05,HANDY HARDWARE WHOLESALE INC,8-K/A,no_items_found,,,,,
354053,000089907805000421,2005-05,HANDY HARDWARE WHOLESALE INC,8-K/A,no_items_found,,,,,
216085,000021608505000068,2005-05,HAVERTY FURNITURE COMPANIES INC,8-K/A,no_items_found,,,,,
1107802,000110780205000022,2005-05,"HEADLINERS ENTERTAINMENT GROUP, INC.",8-K/A,no_items_found,,,,,
1107802,000110780205000024,2005-05,"HEADLINERS ENTERTAINMENT GROUP, INC.",8-K/A,no_items_found,,,,,
46989,000110465905022962,2005-05,HERCULES INC,8-K/A,no_items_found,,,,,
943110,000114420405011177,2005-04,HUMANA TRANS SERVICES HOLDING CORP,8-K/A,no_items_found,,,,,
761237,000114420405009945,2005-04,IMCOR PHARMACEUTICAL CO,8-K/A,no_items_found,,,,,
1208498,000117091805000228,2005-04,IMEDIA INTERNATIONAL INC,8-K/A,no_items_found,,,,,
4187,000089230305000115,2005-04,INDUSTRIAL SERVICES OF AMERICA INC /FL,8-K/A,no_items_found,,,,,
1145019,000114420405014736,2005-05,INFINIUM LABS INC,8-K/A,no_items_found,,,,,
1088312,000102670005000042,2005-05,INTERMOST CORP,8-K/A,no_items_found,,,,,
1114084,000119312505127288,2005-06,INTERVIDEO INC,8-K/A,no_items_found,,,,,
924505,000104746905018142,2005-06,INTRADO INC,8-K/A,no_items_found,,,,,
1120817,000115752305004522,2005-05,INTRAOP MEDICAL CORP,8-K/A,no_items_found,,,,,
1258383,000114420405017623,2005-05,"IPEX, INC",8-K/A,no_items_found,,,,,
1172939,000108671505000026,2005-04,KNIGHT FULLER INC,8-K/A,no_items_found,,,,,
1172939,000108671505000028,2005-04,KNIGHT FULLER INC,8-K/A,no_items_found,,,,,
1108951,000120677405000680,2005-04,LARGE SCALE BIOLOGY CORP,8-K/A,no_items_found,,,,,
1109219,000114037705000089,2005-05,LION CAPITAL HOLDINGS INC,8-K/A,no_items_found,,,,,
1070517,000090965405000900,2005-04,LONG ISLAND FINANCIAL CORP,8-K/A,no_items_found,,,,,
1294206,000094337405000475,2005-04,Lincoln Park Bancorp,8-K/A,no_items_found,,,,,
1043105,000118811205000682,2005-04,MAILKEY CORP,8-K/A,no_items_found,,,,,
819926,000001303305000009,2005-06,MALEX INC,8-K/A,no_items_found,,,,,
1091967,000119983505000142,2005-04,MANAKOA SERVICES CORP,8-K/A,no_items_found,,,,,
1091967,000119983505000168,2005-04,MANAKOA SERVICES CORP,8-K/A,no_items_found,,,,,
1056358,000119312505107077,2005-05,MANNATECH INC,8-K/A,no_items_found,,,,,
799166,000119312505073747,2005-04,MASSBANK CORP,8-K/A,no_items_found,,,,,
15615,000001561505000056,2005-06,MASTEC INC,8-K/A,no_items_found,,,,,
847831,000101540205001708,2005-04,MC SHIPPING INC,8-K/A,no_items_found,,,,,
876043,000095013405007355,2005-04,MEDWAVE INC,8-K/A,no_items_found,,,,,
1050446,000119312505104267,2005-05,MICROSTRATEGY INC,8-K/A,no_items_found,,,,,
69488,000095015205004550,2005-05,MYERS INDUSTRIES INC,8-K/A,no_items_found,,,,,
1210536,000106299305001271,2005-06,MoneyFlow Capital Corp,8-K/A,no_items_found,,,,,
1042501,000101968705001601,2005-06,"Myriad Entertainment & Resorts, Inc.",8-K/A,no_items_found,,,,,
1086417,000093041305003398,2005-05,NANOSCIENCE TECHNOLOGIES INC,8-K/A,no_items_found,,,,,
1020173,000095015205005681,2005-06,NEW YORK REGIONAL RAIL CORP,8-K/A,no_items_found,,,,,
1274001,000114420405016878,2005-05,NORTHWEST HORIZON CORP,8-K/A,no_items_found,,,,,
1169567,000116956705000012,2005-06,OXFORD TECHNOLOGIES INC,8-K/A,no_items_found,,,,,
1169567,000116956705000014,2005-06,OXFORD TECHNOLOGIES INC,8-K/A,no_items_found,,,,,
929031,000092903105000003,2005-06,PAULA FINANCIAL,8-K/A,no_items_found,,,,,
1084226,000106299305001196,2005-05,"PHAGE GENOMICS, INC",8-K/A,no_items_found,,,,,
1084226,000106299305001285,2005-06,"PHAGE GENOMICS, INC",8-K/A,no_items_found,,,,,
1012130,000114420405011218,2005-04,PHLO CORP,8-K/A,no_items_found,,,,,
1065659,000107997405000191,2005-05,POCKETSPEC TECHNOLOGIES INC,8-K/A,no_items_found,,,,,
1066978,000114420405017265,2005-05,POWER TECHNOLOGY INC/CN,8-K/A,no_items_found,,,,,
1011699,000119312505080576,2005-04,PRENTISS PROPERTIES TRUST/MD,8-K/A,no_items_found,,,,,
778164,000101968705000910,2005-04,"Pacific Ethanol, Inc.",8-K/A,no_items_found,,,,,
1328436,000088237705001448,2005-06,Park Place Securities Inc. Asset Backed Pass Through Certifi,8-K/A,no_items_found,,,,,
1160420,000101968705001045,2005-04,"PivX Solutions, Inc.",8-K/A,no_items_found,,,,,
842183,000095012405002699,2005-04,RAMCO GERSHENSON PROPERTIES TRUST,8-K/A,no_items_found,,,,,
890784,000114420405018340,2005-06,RAMP CORP,8-K/A,no_items_found,,,,,
870069,000095000505000449,2005-05,REGAN HOLDING CORP,8-K/A,no_items_found,,,,,
769591,000114420405011942,2005-04,RESCON TECHNOLOGY CORP,8-K/A,no_items_found,,,,,
769591,000114420405012143,2005-04,RESCON TECHNOLOGY CORP,8-K/A,no_items_found,,,,,
1321431,000132143105000003,2005-04,RFMSI Series 2005-S2 Trust,8-K/A,no_items_found,,,,,
85388,000129993305003124,2005-06,ROUSE COMPANY,8-K/A,no_items_found,,,,,
85408,000008540805000048,2005-05,ROWAN COMPANIES INC,8-K/A,no_items_found,,,,,
1289441,000109328705000103,2005-06,Rotoblock CORP,8-K/A,no_items_found,,,,,
1289441,000109328705000115,2005-06,Rotoblock CORP,8-K/A,no_items_found,,,,,
922011,000114420405010452,2005-04,SAFARI ASSOCIATES INC,8-K/A,no_items_found,,,,,
1119951,000114420405012551,2005-04,SECURED DATA INC /NV/,8-K/A,no_items_found,,,,,
318673,000031867305000021,2005-06,SECURITY NATIONAL FINANCIAL CORP,8-K/A,no_items_found,,,,,
1062606,000095015205003551,2005-04,SERVICEWARE TECHNOLOGIES INC/ DE,8-K/A,no_items_found,,,,,
811696,000119312505126999,2005-06,SHARPER IMAGE CORP,8-K/A,no_items_found,,,,,
1253557,000112785505000282,2005-04,SUNRISE USA INC,8-K/A,no_items_found,,,,,
1328811,000116231805000478,2005-06,Structured Asset Investment Loan Trust 2005-5,8-K/A,no_items_found,,,,,
716214,000071621405000020,2005-04,TEKNOWLEDGE CORP,8-K/A,no_items_found,,,,,
1172678,000115752305003455,2005-04,TEMECULA VALLEY BANCORP INC,8-K/A,no_items_found,,,,,
1045150,000104515005000006,2005-04,TIER TECHNOLOGIES INC,8-K/A,no_items_found,,,,,
1103640,000114420405018790,2005-06,TOP GROUP HOLDINGS INC,8-K/A,no_items_found,,,,,
99106,000009910605000018,2005-04,TRANS LUX CORP,8-K/A,no_items_found,,,,,
1140249,000119312505085071,2005-04,TRANSCOMMUNITY FINANCIAL CORP,8-K/A,no_items_found,,,,,
101704,000129993305002376,2005-05,TRINITY LEARNING CORP,8-K/A,no_items_found,,,,,
4458,000095015305001422,2005-06,U HAUL INTERNATIONAL INC,8-K/A,no_items_found,,,,,
1104194,000101968705001309,2005-05,U S CANADIAN MINERALS INC,8-K/A,no_items_found,,,,,
1097805,000119312505072846,2005-04,UNIVERSAL FOOD & BEVERAGE COMPNY,8-K/A,no_items_found,,,,,
811211,000081121105000015,2005-05,UNIVERSITY BANCORP INC /DE/,8-K/A,no_items_found,,,,,
912615,000119312505117584,2005-05,URBAN OUTFITTERS INC,8-K/A,no_items_found,,,,,
1122130,000113902005000120,2005-04,US BIODEFENSE INC,8-K/A,no_items_found,,,,,
822819,000082281905000014,2005-06,US REALTY INCOME PARTNERS LP,8-K/A,no_items_found,,,,,
822819,000082281905000020,2005-06,US REALTY INCOME PARTNERS LP,8-K/A,no_items_found,,,,,
1172852,000119312505120611,2005-06,VCG HOLDING CORP,8-K/A,no_items_found,,,,,
1064011,000095014405005364,2005-05,VERIDIEN CORP,8-K/A,no_items_found,,,,,
1111118,000101540205003004,2005-06,VICTORIA INDUSTRIES INC,8-K/A,no_items_found,,,,,
731446,000121390005000570,2005-06,VITAL HEALTH TECHNOLOGIES INC,8-K/A,no_items_found,,,,,
1011901,000119312505107379,2005-05,WEBB INTERACTIVE SERVICES INC,8-K/A,no_items_found,,,,,
742070,000127528705002284,2005-06,WESTBANK CORP,8-K/A,no_items_found,,,,,
726435,000001303305000010,2005-06,WINCROFT INC,8-K/A,no_items_found,,,,,
1084544,000119312505072119,2005-04,YAK COMMUNICATIONS INC,8-K/A,no_items_found,,,,,
1109153,000126967805000098,2005-06,ZKID NETWORK CO,8-K/A,no_items_found,,,,,
58592,000005859205000049,2005-09,4 KIDS ENTERTAINMENT INC,8-K/A,no_items_found,,,,,
1011290,000114036105007757,2005-09,99 CENTS ONLY STORES,8-K/A,no_items_found,,,,,
1174735,000119312505157635,2005-08,ACCREDITED HOME LENDERS HOLDING CO,8-K/A,no_items_found,,,,,
849401,000084940105000012,2005-08,ADM TRONICS UNLIMITED INC/DE,8-K/A,no_items_found,,,,,
1096620,000114420405022697,2005-07,ADVANCED MEDICAL INSTITUTE INC.,8-K/A,no_items_found,,,,,
939930,000119312505179532,2005-09,"ALLIANCE ONE INTERNATIONAL, INC.",8-K/A,no_items_found,,,,,
763245,000101359605000052,2005-08,ALPHA SPACECOM INC,8-K/A,no_items_found,,,,,
820408,000119312505138868,2005-07,AMERICAN BUSINESS CORP,8-K/A,no_items_found,,,,,
1331055,000088237705002183,2005-08,AMERICAN HOME MORTGAGE INVESTMENT TRUST 2005-2,8-K/A,no_items_found,,,,,
1040482,000104048205000005,2005-08,AMERICAN PETRO-HUNTER INC,8-K/A,no_items_found,,,,,
876490,000120355005000010,2005-08,AMERIRESOURCE TECHNOLOGIES INC,8-K/A,no_items_found,,,,,
1023298,000101905605001025,2005-09,AVENUE ENTERTAINMENT GROUP INC /DE/,8-K/A,no_items_found,,,,,
1334758,000088237705002313,2005-08,BEAR STEARNS ASSET BACKED SECURITIES I TRUST 2005-HE7,8-K/A,no_items_found,,,,,
1086670,000101172305000171,2005-09,BELLAVISTA CAPITAL INC,8-K/A,no_items_found,,,,,
1086670,000101172305000179,2005-09,BELLAVISTA CAPITAL INC,8-K/A,no_items_found,,,,,
1203957,000093041305006604,2005-09,"BIONOVO, INC.",8-K/A,no_items_found,,,,,
1000683,000130794205000060,2005-09,BLONDER TONGUE LABORATORIES INC,8-K/A,no_items_found,,,,,
1210227,000119312505172276,2005-08,BNC BANCORP,8-K/A,no_items_found,,,,,
1017130,000103883805000802,2005-09,BOTTOMLINE HOME LOAN INC,8-K/A,no_items_found,,,,,
862475,000114420405024381,2005-08,BROADENGATE  SYSTEMS INC,8-K/A,no_items_found,,,,,
862475,000114420405028171,2005-09,BROADENGATE  SYSTEMS INC,8-K/A,no_items_found,,,,,
862475,000114420405028387,2005-09,BROADENGATE  SYSTEMS INC,8-K/A,no_items_found,,,,,
719729,000129534505000012,2005-08,CALYPSO WIRELESS INC,8-K/A,no_items_found,,,,,
17927,000119312505179211,2005-09,CARROLS CORP,8-K/A,no_items_found,,,,,
789863,000078986305000042,2005-08,CAVALIER HOMES INC,8-K/A,no_items_found,,,,,
1174820,000119312505154063,2005-08,CENTER FINANCIAL CORP,8-K/A,no_items_found,,,,,
1173489,000114420405022078,2005-07,CEVA  INC,8-K/A,no_items_found,,,,,
1081834,000126493105000312,2005-07,CHINA WORLD TRADE CORP,8-K/A,no_items_found,,,,,
1124394,000114420405021446,2005-07,CHISTE CORP,8-K/A,no_items_found,,,,,
1042134,000104213405000044,2005-07,CHORDIANT SOFTWARE INC,8-K/A,no_items_found,,,,,
1107050,000110465905032975,2005-07,CLICK COMMERCE INC,8-K/A,no_items_found,,,,,
1092299,000107704805000423,2005-08,"CMKM Diamonds, Inc.",8-K/A,no_items_found,,,,,
318852,000109000205000192,2005-07,COLORADO WYOMING RESERVE CO,8-K/A,no_items_found,,,,,
1334926,000091412105001805,2005-09,COMM 2005-C6,8-K/A,no_items_found,,,,,
23217,000090044005000061,2005-08,CONAGRA FOODS INC /DE/,8-K/A,no_items_found,,,,,
928340,000129993305004291,2005-08,CONSOLIDATED WATER CO LTD,8-K/A,no_items_found,,,,,
718096,000071809605000016,2005-09,COSMO COMMUNICATIONS CORP,8-K/A,no_items_found,,,,,
885550,000129993305003458,2005-07,CREDIT ACCEPTANCE CORPORATION,8-K/A,no_items_found,,,,,
810691,000111650205001963,2005-08,CYGENE LABORATORIES INC,8-K/A,no_items_found,,,,,
1093819,000114420405022421,2005-07,Cargo Connections,8-K/A,no_items_found,,,,,
1231472,000092189505001394,2005-08,CepTor CORP,8-K/A,no_items_found,,,,,
1164256,000105291805000405,2005-09,DAYBREAK MINES INC,8-K/A,no_items_found,,,,,
1097570,000105901605000108,2005-08,DESERT HEALTH PRODUCTS INC,8-K/A,no_items_found,,,,,
1051059,000114420405021220,2005-07,DIALOG GROUP INC,8-K/A,no_items_found,,,,,
1089443,000110465905039486,2005-08,DIGIMARC CORP,8-K/A,no_items_found,,,,,
828604,000082860405000004,2005-07,DIVERSIFIED HISTORIC INVESTORS VI,8-K/A,no_items_found,,,,,
1093933,000121465905001195,2005-08,EAST DELTA RESOURCES CORP.,8-K/A,no_items_found,,,,,
1088211,000113717105001572,2005-09,EDGETECH SERVICES INC,8-K/A,no_items_found,,,,,
1309056,000121390005000914,2005-09,EDMONDS 5 INC.,8-K/A,no_items_found,,,,,
761034,000129110705000033,2005-09,ENUCLEUS INC,8-K/A,no_items_found,,,,,
1289169,000119312505173620,2005-08,"Eagle Hospitality Properties Trust, Inc.",8-K/A,no_items_found,,,,,
740806,000100210505000188,2005-09,F&M BANK CORP,8-K/A,no_items_found,,,,,
1142336,000095012405005003,2005-08,"FAMILY HOME HEALTH SERVICES, INC.",8-K/A,no_items_found,,,,,
811589,000091431705002662,2005-08,FIRST BANCORP /NC/,8-K/A,no_items_found,,,,,
1033012,000095012405004697,2005-08,FLAGSTAR BANCORP INC,8-K/A,no_items_found,,,,,
216593,000132391405000023,2005-07,FUEL CORP OF AMERICA,8-K/A,no_items_found,,,,,
1102217,000114420405026469,2005-08,GALAXY MINERALS INC,8-K/A,no_items_found,,,,,
1169417,000118206305000040,2005-08,GENOMED INC,8-K/A,no_items_found,,,,,
1090967,000108503705001176,2005-08,GLOBAL ENERGY INC,8-K/A,no_items_found,,,,,
752391,000100009605000467,2005-08,GOLDEN CHIEF RESOURCES INC,8-K/A,no_items_found,,,,,
1334748,000090514805004727,2005-09,GSAA Home Equity Trust 2005-9,8-K/A,no_items_found,,,,,
1320103,000105117005000325,2005-07,GSR Mortgage Loan Trust 2005-2F,8-K/A,no_items_found,,,,,
855663,000126327905000251,2005-08,GUNDAKER/JORDAN AMERICAN HOLDINGS INC,8-K/A,no_items_found,,,,,
1034674,000107878205000390,2005-09,HAMPTONS LUXURY HOMES INC,8-K/A,no_items_found,,,,,
818682,000081868205000017,2005-09,HAROLDS STORES INC,8-K/A,no_items_found,,,,,
923118,000092311805000136,2005-08,HOME PROPERTIES INC,8-K/A,no_items_found,,,,,
1111696,000108503705001111,2005-07,"ID-CONFIRM, INC.",8-K/A,no_items_found,,,,,
1338513,000088237705002716,2005-09,"IMH Assets Corp., Collateralized Asset-Backed Bonds, Series",8-K/A,no_items_found,,,,,
1332057,000088237705002187,2005-08,IMPAC CMB Trust Series 2005-5,8-K/A,no_items_found,,,,,
1133324,000119312505188233,2005-09,INPHONIC INC,8-K/A,no_items_found,,,,,
1156337,000109230605000389,2005-08,INTERNATIONAL CARD ESTABLISHMENT INC,8-K/A,no_items_found,,,,,
925739,000107258805000221,2005-08,Infinicall CORP,8-K/A,no_items_found,,,,,
816330,000114420405022915,2005-07,JB OXFORD HOLDINGS INC,8-K/A,no_items_found,,,,,
1283928,000095015205007582,2005-09,KAHIKI FOODS INC,8-K/A,no_items_found,,,,,
1161979,000114420405022289,2005-07,"KNOBIAS, INC.",8-K/A,no_items_found,,,,,
871763,000089271205000729,2005-08,MANPOWER INC /WI/,8-K/A,no_items_found,,,,,
1117228,000101540205003827,2005-08,MASS MEGAWATTS WIND POWER INC,8-K/A,no_items_found,,,,,
778734,000114420405022312,2005-07,MEASUREMENT SPECIALTIES INC,8-K/A,no_items_found,,,,,
1144284,000110465905037965,2005-08,MEDICALCV INC,8-K/A,no_items_found,,,,,
1143799,000110465905044694,2005-09,MEDICOR LTD,8-K/A,no_items_found,,,,,
745448,000095016205000710,2005-07,METALDYNE CORP,8-K/A,no_items_found,,,,,
1099219,000095012305009287,2005-08,METLIFE INC,8-K/A,no_items_found,,,,,
1055291,000095013705010104,2005-08,MEXICAN RAILWAY TRANSPORTATION GROUP,8-K/A,no_items_found,,,,,
912241,000119312505160417,2005-08,MIKOHN GAMING CORP,8-K/A,no_items_found,,,,,
1083011,000101968705002550,2005-09,MIV THERAPEUTICS INC,8-K/A,no_items_found,,,,,
1211229,000095013405018478,2005-09,MOLIRIS CORP,8-K/A,no_items_found,,,,,
1050835,000102317505000148,2005-07,MONTGOMERY REALTY GROUP INC,8-K/A,no_items_found,,,,,
1264601,000091412105001349,2005-07,MORTGAGE PASS-THROUGH CERTIFICATES SERIES 2003-NC8,8-K/A,no_items_found,,,,,
1261680,000095012405004547,2005-07,MSW ENERGY FINANCE CO INC,8-K/A,no_items_found,,,,,
1261679,000095012405004547,2005-07,MSW ENERGY HOLDINGS LLC,8-K/A,no_items_found,,,,,
714801,000110465905036740,2005-08,NATIONAL MERCANTILE BANCORP,8-K/A,no_items_found,,,,,
942788,000110465905043916,2005-09,NEOPHARM INC,8-K/A,no_items_found,,,,,
1000285,000114420405029425,2005-09,"NETWORTH TECHNOLOGIES, INC.",8-K/A,no_items_found,,,,,
1111400,000111140005000014,2005-09,NORTH SHORE CAPITAL II INC,8-K/A,no_items_found,,,,,
1331197,000088237705001833,2005-07,New Century Home Equity Loan Trust 2005-3,8-K/A,no_items_found,,,,,
1331494,000088237705001861,2005-07,New Century Home Equity Loan Trust Series 2005-A,8-K/A,no_items_found,,,,,
1085115,000094344005000394,2005-09,"NorMexSteel, Inc.",8-K/A,no_items_found,,,,,
830483,000101041205000335,2005-09,OAK RIDGE MICRO-ENERGY INC,8-K/A,no_items_found,,,,,
1174940,000114420405027653,2005-08,ORAGENICS INC,8-K/A,no_items_found,,,,,
357264,000115752305006600,2005-07,PACIFIC CAPITAL BANCORP /CA/,8-K/A,no_items_found,,,,,
1000278,000095011605002554,2005-07,PACIFICHEALTH LABORATORIES INC,8-K/A,no_items_found,,,,,
1082822,000101540205003353,2005-07,PALOMAR ENTERPRISES INC,8-K/A,no_items_found,,,,,
1106976,000107258805000203,2005-08,PAYGARD INC,8-K/A,no_items_found,,,,,
814181,000081418105000085,2005-08,PENN TREATY AMERICAN CORP,8-K/A,no_items_found,,,,,
1121282,000126493105000419,2005-09,PINGCHUAN PHARMACEUTICAL INC,8-K/A,no_items_found,,,,,
850579,000110465905032621,2005-07,PLX TECHNOLOGY INC,8-K/A,no_items_found,,,,,
1272906,000130368105000010,2005-07,PORTALTOCHINA COM,8-K/A,no_items_found,,,,,
1202507,000110465905045346,2005-09,PPOL INC,8-K/A,no_items_found,,,,,
1202507,000110465905045737,2005-09,PPOL INC,8-K/A,no_items_found,,,,,
311505,000115752305008200,2005-09,PRINTRONIX INC,8-K/A,no_items_found,,,,,
1080924,000126246305000075,2005-07,PTS INC/NV/,8-K/A,no_items_found,,,,,
727063,000101968705002614,2005-09,PURCHASESOFT INC,8-K/A,no_items_found,,,,,
1162747,000114420405023371,2005-08,PUREZZA GROUP INC,8-K/A,no_items_found,,,,,
1162747,000114420405024739,2005-08,PUREZZA GROUP INC,8-K/A,no_items_found,,,,,
1191354,000106299305001593,2005-07,"Paradigm Oil & Gas, Inc.",8-K/A,no_items_found,,,,,
812301,000114420405027623,2005-08,"Patient Safety Technologies, Inc",8-K/A,no_items_found,,,,,
1100091,000114420405022524,2005-07,RECLAMATION CONSULTING & APPLICATIONS INC,8-K/A,no_items_found,,,,,
1296001,000092189505001139,2005-07,RELATIONSERVE MEDIA INC,8-K/A,no_items_found,,,,,
1143451,000107704805000513,2005-09,RENOVO HOLDINGS,8-K/A,no_items_found,,,,,
1143451,000107704805000530,2005-09,RENOVO HOLDINGS,8-K/A,no_items_found,,,,,
1113190,000107997305000610,2005-09,SAVOY RESOURCES CORP,8-K/A,no_items_found,,,,,
89140,000111055005000108,2005-09,SERVOTRONICS INC /DE/,8-K/A,no_items_found,,,,,
1137143,000129993305003290,2005-07,SINO SILVER CORP.,8-K/A,no_items_found,,,,,
847541,000101182305000024,2005-09,STELAX INDUSTRIES LTD,8-K/A,no_items_found,,,,,
1249869,000114420405026809,2005-08,STRATEGY INTERNATIONAL INSURANCE GROUP INC,8-K/A,no_items_found,,,,,
95029,000095012305010491,2005-08,STURM RUGER & CO INC,8-K/A,no_items_found,,,,,
1334760,000091142005000337,2005-08,Structured Asset Mortgage Investments II 2005-AR4,8-K/A,no_items_found,,,,,
1334899,000091142005000339,2005-08,Structured Asset Mortgage Investments II Trust 2005-AR6,8-K/A,no_items_found,,,,,
868689,000107878205000376,2005-09,T BAY HOLDINGS INC,8-K/A,no_items_found,,,,,
868689,000107878205000380,2005-09,T BAY HOLDINGS INC,8-K/A,no_items_found,,,,,
1111818,000131571405000109,2005-07,TABATHA I INC,8-K/A,no_items_found,,,,,
1077800,000132446805000065,2005-08,TECHNEST HOLDINGS INC,8-K/A,no_items_found,,,,,
826595,000082659505000031,2005-08,TECHNOLOGY FUNDING VENTURE PARTNERS IV,8-K/A,no_items_found,,,,,
850877,000085087705000032,2005-08,TECHNOLOGY FUNDING VENTURE PARTNERS V,8-K/A,no_items_found,,,,,
1133754,000114420405029543,2005-09,TELEPLUS ENTERPRISES INC,8-K/A,no_items_found,,,,,
317082,000114420405022613,2005-07,TEP FUND INC/DE/,8-K/A,no_items_found,,,,,
1055294,000095013705010104,2005-08,TFM SA DE CV,8-K/A,no_items_found,,,,,
98752,000101410805000250,2005-09,TOROTEL INC,8-K/A,no_items_found,,,,,
859747,000108503705001328,2005-09,TORRENT ENERGY CORP,8-K/A,no_items_found,,,,,
1098301,000114420405023922,2005-08,TOTAL LUXURY GROUP INC,8-K/A,no_items_found,,,,,
740942,000116855705000055,2005-07,TOWER BANCORP INC,8-K/A,no_items_found,,,,,
740942,000110465905045515,2005-09,TOWER BANCORP INC,8-K/A,no_items_found,,,,,
1001193,000095013405016775,2005-08,TRANSMETA CORP,8-K/A,no_items_found,,,,,
1137239,000113717105001249,2005-08,TREND TECHNOLOGY CORP,8-K/A,no_items_found,,,,,
22551,000107762905000109,2005-08,TRI VALLEY CORP,8-K/A,no_items_found,,,,,
1096688,000125529405000590,2005-09,UNITED AMERICAN CORP,8-K/A,no_items_found,,,,,
1029825,000110801705000417,2005-08,UNIVEC INC,8-K/A,no_items_found,,,,,
1309057,000121390005000886,2005-08,UNIVERSAL FOG INC,8-K/A,no_items_found,,,,,
1171357,000101795105000356,2005-07,"United eSystems, Inc.",8-K/A,no_items_found,,,,,
758743,000110465905042453,2005-09,VIDEO DISPLAY CORP,8-K/A,no_items_found,,,,,
758743,000110465905044420,2005-09,VIDEO DISPLAY CORP,8-K/A,no_items_found,,,,,
1135657,000114420405020977,2005-07,VISION GLOBAL SOLUTIONS INC,8-K/A,no_items_found,,,,,
881524,000110465905032324,2005-07,VIVUS INC,8-K/A,no_items_found,,,,,
1138932,000113893205000016,2005-08,"WENTWORTH ENERGY, INC.",8-K/A,no_items_found,,,,,
920749,000115752305006460,2005-07,XYNERGY CORP,8-K/A,no_items_found,,,,,
920749,000115752305007688,2005-08,XYNERGY CORP,8-K/A,no_items_found,,,,,
1108699,000101968705002176,2005-08,"uWink, Inc.",8-K/A,no_items_found,,,,,
1108699,000101968705002542,2005-09,"uWink, Inc.",8-K/A,no_items_found,,,,,
1102013,000114420405039353,2005-12,ADZONE RESEARCH INC,8-K/A,no_items_found,,,,,
763245,000101359605000069,2005-10,ALPHA SPACECOM INC,8-K/A,no_items_found,,,,,
1076462,000101738605000154,2005-12,ALPHATRADE COM,8-K/A,no_items_found,,,,,
876490,000120355005000032,2005-11,AMERIRESOURCE TECHNOLOGIES INC,8-K/A,no_items_found,,,,,
1173431,000095013705014196,2005-11,AMERITRADE HOLDING CORP,8-K/A,no_items_found,,,,,
772320,000110465905052384,2005-11,ARIES VENTURES INC,8-K/A,no_items_found,,,,,
1221554,000130368105000042,2005-12,ATM FINANCIAL CORP,8-K/A,no_items_found,,,,,
1144254,000101376205001376,2005-10,AUTO Q INTERNATIONAL INC,8-K/A,no_items_found,,,,,
1009891,000119380505002646,2005-12,Ashlin Development Corp,8-K/A,no_items_found,,,,,
1325118,000127528705003805,2005-10,"BABYUNIVERSE, INC.",8-K/A,no_items_found,,,,,
1275101,000119312505231542,2005-11,BANK OF THE JAMES FINANCIAL GROUP INC,8-K/A,no_items_found,,,,,
1333217,000088237705002928,2005-10,"BEAR STEARNS ARM TRUST, MORTGAGE-BACKED NOTES, SERIES 2005-5",8-K/A,no_items_found,,,,,
842013,000101376205001502,2005-11,BIO SOLUTIONS INTERNATIONAL INC,8-K/A,no_items_found,,,,,
842013,000101376205001597,2005-11,BIO SOLUTIONS INTERNATIONAL INC,8-K/A,no_items_found,,,,,
1015715,000108503705001803,2005-12,BRAINTECH INC,8-K/A,no_items_found,,,,,
15486,000001548605000015,2005-11,BURKE MILLS INC,8-K/A,no_items_found,,,,,
15486,000001548605000016,2005-11,BURKE MILLS INC,8-K/A,no_items_found,,,,,
1299709,000110262405000266,2005-10,"BofI Holding, Inc.",8-K/A,no_items_found,,,,,
1014672,000095013505005866,2005-10,CALIPER LIFE SCIENCES INC,8-K/A,no_items_found,,,,,
719729,000129534505000048,2005-10,CALYPSO WIRELESS INC,8-K/A,no_items_found,,,,,
354767,000109000205000303,2005-10,CAPCO ENERGY INC,8-K/A,no_items_found,,,,,
1157688,000121152405000294,2005-11,CASINO ENTERTAINMENT INC,8-K/A,no_items_found,,,,,
3197,000118143105062422,2005-11,CECO ENVIRONMENTAL CORP,8-K/A,no_items_found,,,,,
791770,000117091805000936,2005-12,CENTURY PACIFIC FINANCIAL CORP,8-K/A,no_items_found,,,,,
1118326,000083248805000039,2005-10,CERTIFIED SERVICES INC,8-K/A,no_items_found,,,,,
1091566,000114036105009129,2005-11,"CHINA PRINTING, INC.",8-K/A,no_items_found,,,,,
840715,000114036105011337,2005-12,CLEARONE COMMUNICATIONS INC,8-K/A,no_items_found,,,,,
1224499,000094627505001127,2005-11,COMMUNITY FIRST BANCORP INC,8-K/A,no_items_found,,,,,
1035270,000095000505000781,2005-11,CORNERSTONE MINISTRIES INVESTMENTS INC,8-K/A,no_items_found,,,,,
1340251,000095011605003179,2005-10,Chase Mortgage Finance Trust Series 2005-S2,8-K/A,no_items_found,,,,,
